Unable to find image 'archlinux:latest' locally
latest: Pulling from library/archlinux
02c267a58978: Pulling fs layer
59b148d46c3c: Pulling fs layer
59b148d46c3c: Verifying Checksum
59b148d46c3c: Download complete
02c267a58978: Download complete
02c267a58978: Pull complete
59b148d46c3c: Pull complete
Digest: sha256:345a872f6c95e082d4b8c050af637eebb57402c6e2177b411c3acf7df84eb33b
Status: Downloaded newer image for archlinux:latest
=== Step 1: Show system info ===
+ echo '=== Step 1: Show system info ==='
+ uname -a
Linux f338b6ae3721 6.17.0-1020-azure #20~24.04.1-Ubuntu SMP Fri Jun 19 20:09:14 UTC 2026 x86_64 GNU/Linux
+ '[' -f /etc/os-release ']'
+ cat /etc/os-release
NAME="Arch Linux"
PRETTY_NAME="Arch Linux"
ID=arch
BUILD_ID=rolling
VERSION_ID=20260802.0.566770
ANSI_COLOR="38;2;23;147;209"
HOME_URL="https://archlinux.org/"
DOCUMENTATION_URL="https://wiki.archlinux.org/"
SUPPORT_URL="https://bbs.archlinux.org/"
BUG_REPORT_URL="https://gitlab.archlinux.org/groups/archlinux/-/issues"
PRIVACY_POLICY_URL="https://terms.archlinux.org/docs/privacy-policy/"
LOGO=archlinux-logo
+ echo '=== Step 2: Setup Fast Pacman HTTPS & HTTP mirrors ==='
+ cat
=== Step 2: Setup Fast Pacman HTTPS & HTTP mirrors ===
+ echo '=== Step 3: Configure Pacman settings ==='
+ cat
=== Step 3: Configure Pacman settings ===
=== Step 4: Update pacman database ===
+ echo '=== Step 4: Update pacman database ==='
+ pacman -Sy --noconfirm --noprogressbar
:: Synchronizing package databases...
 core downloading...
 extra downloading...
=== Step 5: Install archiso tools, build tools & GTK4 ===
+ echo '=== Step 5: Install archiso tools, build tools & GTK4 ==='
+ pacman -S --noconfirm --needed --noprogressbar archiso mtools libisoburn squashfs-tools grub gcc pkgconf glib2 gtk4 libadwaita
resolving dependencies...
warning: glib2-2.88.3-1 is up to date -- skipping
looking for conflicting packages...

Packages (132) adwaita-cursors-50.0-1  adwaita-fonts-50.0-1  adwaita-icon-theme-50.0-1  adwaita-icon-theme-legacy-46.2-3  appstream-1.1.5-1  arch-install-scripts-31-1  at-spi2-core-2.60.6-1  avahi-1:0.9rc5-1  bubblewrap-0.11.2-1  cairo-1.18.4-1  dav1d-1.5.4-1  dconf-0.49.0-1  default-cursors-3-1  desktop-file-utils-0.28-1  dosfstools-4.2-5  duktape-2.7.0-7  erofs-utils-1.9.2-1  fontconfig-2:2.18.2-1  freetype2-2.14.3-1  fribidi-1.0.16-2  fuse-common-3.18.2-1  fuse3-3.18.2-1  gdk-pixbuf2-2.44.7-1  giflib-6.1.3-2  glib-networking-1:2.80.1-1  glycin-2.1.5-2  gperftools-2.18.1-1  graphene-1.10.8-2  graphite-1:1.3.15-1  gsettings-desktop-schemas-50.1-1  gsettings-system-schemas-50.1-1  gssdp-1.6.6-1  gst-plugins-bad-libs-1.28.5-4  gst-plugins-base-libs-1.28.5-4  gstreamer-1.28.5-4  gtest-1.17.0-2  gtk-update-icon-cache-1:4.22.4-1  gtk3-1:3.24.52-1  gupnp-1:1.6.10-1  gupnp-igd-1.6.0-2  harfbuzz-14.3.0-1  hicolor-icon-theme-0.18-1  highway-1.4.0-1  hwloc-2.14.0-1  iso-codes-4.20.1-1  jbigkit-2.1-8  json-glib-1.10.8-1  lcms2-2.19.1-1  libblake3-1.8.4-1  libburn-1.5.8-1  libcloudproviders-0.4.0-1  libcolord-1.4.8-1  libcups-2:2.4.19-1  libdaemon-0.14-6  libdatrie-0.2.14-1  libdeflate-1.25-1  libdrm-2.4.134-1  libedit-20260512_3.1-1  libepoxy-1.5.10-3  libfyaml-0.9.6-3  libglvnd-1.7.0-3  libgudev-238-3  libisl-0.28-1  libisofs-1.5.8.2-1  libjpeg-turbo-3.2.0-2  libjxl-0.12.0-1  libmpc-1.4.1-1  libnice-0.1.23-1  libpciaccess-0.19-1  libpipewire-1:1.6.8-1  libpng-1.6.58-2  libproxy-0.5.12-1  librsvg-2:2.62.3-1  libsoup3-3.6.6-2  libstemmer-3.1.1-1  libthai-0.1.30-1  libtiff-4.7.2-1  libunwind-1.8.2-1  libva-2.24.1-1  libwebp-1.6.0-2  libx11-1.8.13-1  libxau-1.0.12-1  libxcb-1.17.0-1  libxcomposite-0.4.7-1  libxcursor-1.2.3-1  libxdamage-1.1.7-1  libxdmcp-1.1.5-2  libxext-1.3.7-1  libxfixes-6.0.2-1  libxft-2.3.9-1  libxi-1.8.3-1  libxinerama-1.1.6-1  libxkbcommon-1.13.2-1  libxkbcommon-x11-1.13.2-1  libxmlb-0.3.29-1  libxrandr-1.5.5-1  libxrender-0.9.12-1  libxshmfence-1.3.3-1  libxtst-1.2.5-1  libxv-1.0.13-1  libxxf86vm-1.1.7-1  llvm-libs-22.1.8-2  lm_sensors-1:3.6.2-1  lzo-2.10-5  mesa-1:26.1.6-1  onetbb-2023.1.0-1  orc-0.4.42-1  pango-1:1.58.2-1  pipewire-1:1.6.8-1  pixman-0.46.4-1  shared-mime-info-2.5.1-2  spirv-tools-1:1.4.357.0-1  tinysparql-3.11.1-1  vmaf-3.2.0-1  vulkan-icd-loader-1.4.357.0-1  wayland-1.25.0-1  xcb-proto-1.17.0-4  xdg-desktop-portal-1.22.1-2  xdg-desktop-portal-gtk-1.15.3-1  xkeyboard-config-2.48-1  xorg-xprop-1.2.8-1  xorgproto-2025.1-1  xxhash-0.8.3-1  archiso-89-1  gcc-16.1.1+r595+g171d15ac6959-1  grub-2:2.14-1  gtk4-1:4.22.4-1  libadwaita-1:1.9.3-1  libisoburn-1.5.8.2-1  mtools-1:4.0.49-1  pkgconf-3.0.5-1  squashfs-tools-4.7.5-1

Total Download Size:   197.18 MiB
Total Installed Size:  883.07 MiB

:: Proceed with installation? [Y/n] 
:: Retrieving packages...
 gcc-16.1.1+r595+g171d15ac6959-1-x86_64 downloading...
 llvm-libs-22.1.8-2-x86_64 downloading...
 mesa-1:26.1.6-1-x86_64 downloading...
 gtk4-1:4.22.4-1-x86_64 downloading...
 gtk3-1:3.24.52-1-x86_64 downloading...
 grub-2:2.14-1-x86_64 downloading...
 glycin-2.1.5-2-x86_64 downloading...
 iso-codes-4.20.1-1-any downloading...
 gst-plugins-bad-libs-1.28.5-4-x86_64 downloading...
 gst-plugins-base-libs-1.28.5-4-x86_64 downloading...
 librsvg-2:2.62.3-1-x86_64 downloading...
 appstream-1.1.5-1-x86_64 downloading...
 adwaita-icon-theme-legacy-46.2-3-any downloading...
 adwaita-fonts-50.0-1-any downloading...
 gstreamer-1.28.5-4-x86_64 downloading...
 spirv-tools-1:1.4.357.0-1-x86_64 downloading...
 libx11-1.8.13-1-x86_64 downloading...
 libjxl-0.12.0-1-x86_64 downloading...
 harfbuzz-14.3.0-1-x86_64 downloading...
 highway-1.4.0-1-x86_64 downloading...
 tinysparql-3.11.1-1-x86_64 downloading...
 libxcb-1.17.0-1-x86_64 downloading...
 libisl-0.28-1-x86_64 downloading...
 xkeyboard-config-2.48-1-any downloading...
 libisoburn-1.5.8.2-1-x86_64 downloading...
 gsettings-desktop-schemas-50.1-1-any downloading...
 libadwaita-1:1.9.3-1-x86_64 downloading...
 shared-mime-info-2.5.1-2-x86_64 downloading...
 pipewire-1:1.6.8-1-x86_64 downloading...
 dav1d-1.5.4-1-x86_64 downloading...
 cairo-1.18.4-1-x86_64 downloading...
 libjpeg-turbo-3.2.0-2-x86_64 downloading...
 at-spi2-core-2.60.6-1-x86_64 downloading...
 hwloc-2.14.0-1-x86_64 downloading...
 freetype2-2.14.3-1-x86_64 downloading...
 libpipewire-1:1.6.8-1-x86_64 downloading...
 gperftools-2.18.1-1-x86_64 downloading...
 gdk-pixbuf2-2.44.7-1-x86_64 downloading...
 vmaf-3.2.0-1-x86_64 downloading...
 avahi-1:0.9rc5-1-x86_64 downloading...
 xdg-desktop-portal-1.22.1-2-x86_64 downloading...
 pango-1:1.58.2-1-x86_64 downloading...
 libtiff-4.7.2-1-x86_64 downloading...
 fontconfig-2:2.18.2-1-x86_64 downloading...
 libfyaml-0.9.6-3-x86_64 downloading...
 onetbb-2023.1.0-1-x86_64 downloading...
 libsoup3-3.6.6-2-x86_64 downloading...
 gtest-1.17.0-2-x86_64 downloading...
 adwaita-cursors-50.0-1-any downloading...
 libdrm-2.4.134-1-x86_64 downloading...
 libwebp-1.6.0-2-x86_64 downloading...
 libglvnd-1.7.0-3-x86_64 downloading...
 orc-0.4.42-1-x86_64 downloading...
 libnice-0.1.23-1-x86_64 downloading...
 libepoxy-1.5.10-3-x86_64 downloading...
 libisofs-1.5.8.2-1-x86_64 downloading...
 pixman-0.46.4-1-x86_64 downloading...
 libxkbcommon-1.13.2-1-x86_64 downloading...
 libburn-1.5.8-1-x86_64 downloading...
 libcups-2:2.4.19-1-x86_64 downloading...
 libthai-0.1.30-1-x86_64 downloading...
 squashfs-tools-4.7.5-1-x86_64 downloading...
 libpng-1.6.58-2-x86_64 downloading...
 xorgproto-2025.1-1-any downloading...
 lcms2-2.19.1-1-x86_64 downloading...
 mtools-1:4.0.49-1-x86_64 downloading...
 libva-2.24.1-1-x86_64 downloading...
 adwaita-icon-theme-50.0-1-any downloading...
 libcolord-1.4.8-1-x86_64 downloading...
 duktape-2.7.0-7-x86_64 downloading...
 json-glib-1.10.8-1-x86_64 downloading...
 erofs-utils-1.9.2-1-x86_64 downloading...
 vulkan-icd-loader-1.4.357.0-1-x86_64 downloading...
 libxmlb-0.3.29-1-x86_64 downloading...
 libxi-1.8.3-1-x86_64 downloading...
 libstemmer-3.1.1-1-x86_64 downloading...
 wayland-1.25.0-1-x86_64 downloading...
 glib-networking-1:2.80.1-1-x86_64 downloading...
 dosfstools-4.2-5-x86_64 downloading...
 fuse3-3.18.2-1-x86_64 downloading...
 lm_sensors-1:3.6.2-1-x86_64 downloading...
 xcb-proto-1.17.0-4-any downloading...
 gupnp-1:1.6.10-1-x86_64 downloading...
 libunwind-1.8.2-1-x86_64 downloading...
 pkgconf-3.0.5-1-x86_64 downloading...
 libedit-20260512_3.1-1-x86_64 downloading...
 libdatrie-0.2.14-1-x86_64 downloading...
 dconf-0.49.0-1-x86_64 downloading...
 xdg-desktop-portal-gtk-1.15.3-1-x86_64 downloading...
 graphene-1.10.8-2-x86_64 downloading...
 libxext-1.3.7-1-x86_64 downloading...
 giflib-6.1.3-2-x86_64 downloading...
 archiso-89-1-any downloading...
 xxhash-0.8.3-1-x86_64 downloading...
 libmpc-1.4.1-1-x86_64 downloading...
 lzo-2.10-5-x86_64 downloading...
 graphite-1:1.3.15-1-x86_64 downloading...
 fribidi-1.0.16-2-x86_64 downloading...
 libdeflate-1.25-1-x86_64 downloading...
 gssdp-1.6.6-1-x86_64 downloading...
 libxft-2.3.9-1-x86_64 downloading...
 jbigkit-2.1-8-x86_64 downloading...
 libcloudproviders-0.4.0-1-x86_64 downloading...
 libgudev-238-3-x86_64 downloading...
 desktop-file-utils-0.28-1-x86_64 downloading...
 bubblewrap-0.11.2-1-x86_64 downloading...
 libxv-1.0.13-1-x86_64 downloading...
 libxcursor-1.2.3-1-x86_64 downloading...
 libxkbcommon-x11-1.13.2-1-x86_64 downloading...
 libproxy-0.5.12-1-x86_64 downloading...
 libblake3-1.8.4-1-x86_64 downloading...
 libxrender-0.9.12-1-x86_64 downloading...
 libxtst-1.2.5-1-x86_64 downloading...
 gupnp-igd-1.6.0-2-x86_64 downloading...
 libxrandr-1.5.5-1-x86_64 downloading...
 libxdmcp-1.1.5-2-x86_64 downloading...
 xorg-xprop-1.2.8-1-x86_64 downloading...
 libpciaccess-0.19-1-x86_64 downloading...
 libdaemon-0.14-6-x86_64 downloading...
 gtk-update-icon-cache-1:4.22.4-1-x86_64 downloading...
 arch-install-scripts-31-1-any downloading...
 libxxf86vm-1.1.7-1-x86_64 downloading...
 libxfixes-6.0.2-1-x86_64 downloading...
 hicolor-icon-theme-0.18-1-any downloading...
 libxcomposite-0.4.7-1-x86_64 downloading...
 libxau-1.0.12-1-x86_64 downloading...
 libxinerama-1.1.6-1-x86_64 downloading...
 libxdamage-1.1.7-1-x86_64 downloading...
 gsettings-system-schemas-50.1-1-any downloading...
 libxshmfence-1.3.3-1-x86_64 downloading...
 fuse-common-3.18.2-1-x86_64 downloading...
 default-cursors-3-1-any downloading...
checking keyring...
checking package integrity...
loading package files...
checking for file conflicts...
:: Processing package changes...
installing arch-install-scripts...
installing dosfstools...
installing libdeflate...
installing xxhash...
installing erofs-utils...
Optional dependencies for erofs-utils
    erofsfuse: for FUSE file system client
installing libburn...
installing libisofs...
installing libisoburn...
Optional dependencies for libisoburn
    tk: for xorriso-tcltk frontend
    sudo: for use with xorriso-dd-target
installing mtools...
Optional dependencies for mtools
    libx11: required by floppyd [pending]
    libxau: required by floppyd [pending]
installing lzo...
installing squashfs-tools...
installing archiso...
Optional dependencies for archiso
    edk2-ovmf: for emulating UEFI with run_archiso
    gnupg: for OpenPGP signature verification of rootfs over PXE [installed]
    grub: for grub support in the ISO [pending]
    openssl: for CMS signature verification of PXE artifacts and rootfs over PXE [installed]
    qemu-desktop: for run_archiso
installing grub...
:: Install your bootloader and generate configuration with:
     # grub-install ...
     # grub-mkconfig -o /boot/grub/grub.cfg
Optional dependencies for grub
    dosfstools: For grub-mkrescue FAT FS and EFI support [installed]
    efibootmgr: For grub-install EFI support
    freetype2: For grub-mkfont usage [pending]
    fuse3: For grub-mount usage [pending]
    libisoburn: Provides xorriso for generating grub rescue iso using grub-mkrescue [installed]
    libusb: For grub-emu USB support [installed]
    lzop: For grub-mkrescue LZO support
    mtools: For grub-mkrescue FAT FS support [installed]
    os-prober: To detect other OSes when generating grub.cfg in BIOS systems
    sdl: For grub-emu SDL support
installing libisl...
installing libmpc...
installing gcc...
Optional dependencies for gcc
    lib32-gcc-libs: for generating code for 32-bit ABI
installing pkgconf...
installing adwaita-fonts...
installing hicolor-icon-theme...
installing adwaita-icon-theme-legacy...
installing adwaita-cursors...
installing adwaita-icon-theme...
installing dconf...
installing gsettings-system-schemas...
installing gsettings-desktop-schemas...
installing xcb-proto...
installing xorgproto...
installing libxdmcp...
installing libxau...
installing libxcb...
installing libx11...
installing libxext...
installing libxfixes...
installing libxi...
installing libxtst...
installing xorg-xprop...
installing at-spi2-core...
installing libpng...
installing freetype2...
Optional dependencies for freetype2
    harfbuzz: Improved autohinting [pending]
installing fontconfig...
Creating fontconfig configuration...
Rebuilding fontconfig cache...
installing libxrender...
installing pixman...
installing cairo...
installing desktop-file-utils...
installing fribidi...
installing bubblewrap...
installing libjpeg-turbo...
installing jbigkit...
installing libwebp...
Optional dependencies for libwebp
    libwebp-utils: WebP conversion and inspection tools
installing libtiff...
Optional dependencies for libtiff
    freeglut: for using tiffgt
installing lcms2...
installing giflib...
installing libunwind...
installing gperftools...
installing gtest...
Optional dependencies for gtest
    python: gmock generator
installing highway...
installing libjxl...
Optional dependencies for libjxl
    java-runtime: for JNI bindings
installing dav1d...
Optional dependencies for dav1d
    dav1d-doc: HTML documentation
installing graphite...
Optional dependencies for graphite
    graphite-docs: Documentation
installing harfbuzz...
Optional dependencies for harfbuzz
    harfbuzz-utils: utilities
installing libdatrie...
installing libthai...
installing libxft...
installing pango...
installing librsvg...
installing glycin...
Optional dependencies for glycin
    libheif: Load .avif, .heic and .heif
installing shared-mime-info...
installing gdk-pixbuf2...
Optional dependencies for gdk-pixbuf2
    libheif: Load .avif, .heic and .heif
    libopenraw: Load .arw, .cr2, .crw, .dng, .erf, .mrw, .nef, .orf, .pef and .raf
    libwmf: Load .apm and .wmf
installing graphene...
installing gstreamer...
Optional dependencies for gstreamer
    python: gst-plugins-doc-cache-generator
installing iso-codes...
installing libpciaccess...
installing libdrm...
Optional dependencies for libdrm
    cairo: needed for modetest tool [installed]
installing libxshmfence...
installing libxxf86vm...
installing libedit...
installing llvm-libs...
installing lm_sensors...
Optional dependencies for lm_sensors
    rrdtool: for logging with sensord
    perl: for sensor detection and configuration convert
installing spirv-tools...
installing default-cursors...
Optional dependencies for default-cursors
    adwaita-cursors: default cursor theme [installed]
installing wayland...
installing mesa...
Optional dependencies for mesa
    opengl-man-pages: for the OpenGL API man pages
installing libglvnd...
installing libgudev...
installing libxv...
installing orc...
installing gst-plugins-base-libs...
installing duktape...
installing libproxy...
installing glib-networking...
installing libsoup3...
Optional dependencies for libsoup3
    samba: Windows Domain SSO
installing gssdp...
Optional dependencies for gssdp
    gtk4: gssdp-device-sniffer [pending]
installing gupnp...
Optional dependencies for gupnp
    python: gupnp-binding-tool
installing gupnp-igd...
installing libnice...
Optional dependencies for libnice
    gstreamer: "nice" GStreamer plugin [installed]
installing libva...
Optional dependencies for libva
    intel-media-driver: backend for Intel GPUs (>= Broadwell)
    libva-intel-driver: backend for Intel GPUs (<= Haswell)
    libva-mesa-driver: backend for AMD and NVIDIA GPUs [installed]
installing xkeyboard-config...
installing libxkbcommon...
Optional dependencies for libxkbcommon
    libxkbcommon-x11: xkbcli interactive-x11 [pending]
    wayland: xkbcli interactive-wayland [installed]
installing libxkbcommon-x11...
installing vulkan-icd-loader...
Optional dependencies for vulkan-icd-loader
    vulkan-driver: packaged vulkan driver
installing vmaf...
installing gst-plugins-bad-libs...
installing gtk-update-icon-cache...
installing libcloudproviders...
installing libcolord...
installing libdaemon...
installing avahi...
Optional dependencies for avahi
    gtk3: avahi-discover, avahi-discover-standalone, bshell, bssh, bvnc [pending]
    libevent: libevent bindings [installed]
    nss-mdns: NSS support for mDNS
    python-dbus: avahi-bookmarks, avahi-discover
    python-gobject: avahi-bookmarks, avahi-discover
    python-twisted: avahi-bookmarks
installing libcups...
installing libepoxy...
installing libxcursor...
installing libxdamage...
installing libxinerama...
installing libxrandr...
installing json-glib...
installing libstemmer...
installing tinysparql...
installing libxcomposite...
installing gtk3...
Optional dependencies for gtk3
    evince: Default print preview command
installing fuse-common...
installing fuse3...
installing libpipewire...
installing pipewire...
Created symlink '/etc/systemd/user/sockets.target.wants/pipewire.socket' → '/usr/lib/systemd/user/pipewire.socket'.
Optional dependencies for pipewire
    gst-plugin-pipewire: GStreamer plugin
    pipewire-alsa: ALSA configuration
    pipewire-audio: Audio support
    pipewire-docs: Documentation
    pipewire-ffado: FireWire support
    pipewire-jack-client: PipeWire as JACK client
    pipewire-jack: JACK replacement
    pipewire-libcamera: Libcamera support
    pipewire-onnx: ONNX filter support
    pipewire-pulse: PulseAudio replacement
    pipewire-roc: ROC streaming
    pipewire-session-manager: Session manager
    pipewire-v4l2: V4L2 interceptor
    pipewire-x11-bell: X11 bell
    pipewire-zeroconf: Zeroconf support
    realtime-privileges: realtime privileges with rt module
    rtkit: realtime privileges with rtkit module
installing xdg-desktop-portal...
Optional dependencies for xdg-desktop-portal
    gamemode: GameMode portal
    geoclue: Location portal
    rtkit: Realtime portal
    xdg-desktop-portal-impl: Portal backends [pending]
installing xdg-desktop-portal-gtk...
Optional dependencies for xdg-desktop-portal-gtk
    evince: Print preview
installing gtk4...
Optional dependencies for gtk4
    evince: Default print preview command
installing hwloc...
Optional dependencies for hwloc
    cairo: PDF, Postscript, and PNG export support [installed]
    libxml2: full XML import/export support [installed]
installing onetbb...
Optional dependencies for onetbb
    python: for Python module
installing libblake3...
installing libfyaml...
installing libxmlb...
installing appstream...
installing libadwaita...
:: Running post-transaction hooks...
( 1/15) Creating system user accounts...
Creating group 'avahi' with GID 969.
Creating user 'avahi' (Avahi mDNS/DNS-SD daemon) with UID 969 and GID 969.
( 2/15) Reloading system manager configuration...
  Skipped: Current root is not booted.
( 3/15) Reloading user manager configuration...
  Skipped: Current root is not booted.
( 4/15) Updating the MIME type database...
( 5/15) Reloading device manager configuration...
  Skipped: Current root is not booted.
( 6/15) Arming ConditionNeedsUpdate...
( 7/15) Updating fontconfig configuration...
( 8/15) Updating the appstream cache...
✔ Metadata cache was updated successfully.
( 9/15) Reloading system bus configuration...
  Skipped: Current root is not booted.
(10/15) Updating fontconfig cache...
(11/15) Updating GIO module cache...
(12/15) Compiling GSettings XML schema files...
(13/15) Probing GTK3 input method modules...
(14/15) Updating icon theme caches...
(15/15) Updating the desktop file MIME type cache...
=== Step 6: Compile GTK4 Installer ===
+ echo '=== Step 6: Compile GTK4 Installer ==='
+ mkdir -p iso/airootfs/usr/bin
++ pkg-config --cflags gtk4
++ pkg-config --libs gtk4
+ gcc -O2 -Wno-deprecated-declarations -Wno-incompatible-pointer-types -Wno-int-conversion -I/usr/include/gtk-4.0 -I/usr/include/pango-1.0 -I/usr/include/fribidi -I/usr/include/harfbuzz -I/usr/include/gdk-pixbuf-2.0 -I/usr/include/glycin-2 -I/usr/include/cairo -I/usr/include/freetype2 -I/usr/include/libpng16 -I/usr/include/pixman-1 -I/usr/include/graphene-1.0 -I/usr/lib/graphene-1.0/include -mfpmath=sse -msse -msse2 -I/usr/include/glib-2.0 -I/usr/lib/glib-2.0/include -I/usr/include/libmount -I/usr/include/blkid -I/usr/include/sysprof-6 -pthread installer/main.c -lgtk-4 -lpangocairo-1.0 -lpango-1.0 -lharfbuzz -lgdk_pixbuf-2.0 -lcairo-gobject -lcairo -lvulkan -lgraphene-1.0 -lgio-2.0 -lgobject-2.0 -lglib-2.0 -o iso/airootfs/usr/bin/shobika-installer
+ cp installer/backend.sh iso/airootfs/usr/bin/shobika-install-backend
+ chmod 755 iso/airootfs/usr/bin/shobika-installer
+ chmod 755 iso/airootfs/usr/bin/shobika-install-backend
+ '[' -f iso/airootfs/usr/bin/shobika-live-setup ']'
+ chmod 755 iso/airootfs/usr/bin/shobika-live-setup
+ echo '=== Step 7: Create Systemd Symlinks ==='
+ mkdir -p iso/airootfs/etc/systemd/system/multi-user.target.wants
=== Step 7: Create Systemd Symlinks ===
+ mkdir -p iso/airootfs/etc/systemd/system/graphical.target.wants
+ ln -sf /usr/lib/systemd/system/NetworkManager.service iso/airootfs/etc/systemd/system/multi-user.target.wants/NetworkManager.service
+ ln -sf /usr/lib/systemd/system/lightdm.service iso/airootfs/etc/systemd/system/display-manager.service
+ ln -sf /usr/lib/systemd/system/lightdm.service iso/airootfs/etc/systemd/system/graphical.target.wants/lightdm.service
+ ln -sf /usr/lib/systemd/system/graphical.target iso/airootfs/etc/systemd/system/default.target
+ '[' -f iso/airootfs/etc/systemd/system/shobika-live-setup.service ']'
+ ln -sf /etc/systemd/system/shobika-live-setup.service iso/airootfs/etc/systemd/system/multi-user.target.wants/shobika-live-setup.service
=== Step 8: Run mkarchiso ===
+ echo '=== Step 8: Run mkarchiso ==='
+ mkdir -p out
+ rm -rf /tmp/shobika_work
+ mkarchiso -v -w /tmp/shobika_work -o out iso/
[mkarchiso] INFO: Validating options...
[mkarchiso] WARNING: The 'bios.syslinux.mbr' boot mode is deprecated. Use 'bios.syslinux' instead.
[mkarchiso] INFO: Validating 'bios.syslinux.mbr': 'memtest86+' is not in the package list. Memmory testing will not be available from syslinux.
[mkarchiso] WARNING: The 'bios.syslinux.eltorito' boot mode is deprecated. Use 'bios.syslinux' instead.
[mkarchiso] WARNING: The 'uefi-x64.grub.esp' boot mode is deprecated. Use 'uefi.grub' instead.
[mkarchiso] INFO: 'edk2-shell' is not in the package list. The ISO will not contain a bootable UEFI shell.
[mkarchiso] INFO: Validating 'uefi-x64.grub.esp': 'memtest86+-efi' is not in the package list. Memory testing will not be available from the UEFI boot loader.
[mkarchiso] WARNING: The 'uefi-x64.grub.eltorito' boot mode is deprecated. Use 'uefi.grub' instead.
[mkarchiso] INFO: Done!
[mkarchiso] INFO: mkarchiso configuration settings
[mkarchiso] INFO:              Architecture:   x86_64
[mkarchiso] INFO:         Working directory:   /tmp/shobika_work
[mkarchiso] INFO:    Installation directory:   arch
[mkarchiso] INFO:                Build date:   2026-08-07T15:36+0000
[mkarchiso] INFO:          Output directory:   /workspace/out
[mkarchiso] INFO:        Current build mode:   iso
[mkarchiso] INFO:               Build modes:   iso
[mkarchiso] INFO:                   GPG key:   None
[mkarchiso] INFO:                GPG signer:   None
[mkarchiso] INFO: Code signing certificates:   None
[mkarchiso] INFO:                   Profile:   /workspace/iso
[mkarchiso] INFO: Pacman configuration file:   /workspace/iso/pacman.conf
[mkarchiso] INFO:           Image file name:   shobikaos-2026.08.07-x86_64.iso
[mkarchiso] INFO:          ISO volume label:   SHOBIKAOS_202608
[mkarchiso] INFO:             ISO publisher:   ShobikaOs <https://github.com/iboshka24/ShobikaOs>
[mkarchiso] INFO:           ISO application:   ShobikaOs Live/Install DVD
[mkarchiso] INFO:                Boot modes:   bios.syslinux uefi.grub
[mkarchiso] INFO:             Packages File:   /workspace/iso/packages.x86_64
[mkarchiso] INFO:                  Packages:   base linux linux-firmware linux-headers gcc make binutils patch pkgconf git sudo which nano vim mkinitcpio mkinitcpio-archiso syslinux intel-ucode amd-ucode grub efibootmgr os-prober btrfs-progs dosfstools e2fsprogs ntfs-3g squashfs-tools gtk4 libadwaita cairo pango gdk-pixbuf2 glib2 librsvg graphene gobject-introspection lightdm lightdm-gtk-greeter xorg-server xorg-xinit xorg-xrandr xorg-xset wayland mesa vulkan-intel vulkan-radeon cinnamon nemo gnome-terminal file-roller eog evince gnome-calculator firefox gparted networkmanager network-manager-applet wpa_supplicant wireless_tools dialog iwd nfs-utils curl wget openssh arch-install-scripts reflector pacman-contrib noto-fonts noto-fonts-emoji noto-fonts-cjk ttf-jetbrains-mono fastfetch papirus-icon-theme adwaita-icon-theme man-db man-pages bash-completion unzip p7zip htop btop pipewire pipewire-pulse pipewire-alsa wireplumber pavucontrol pciutils usbutils dmidecode lshw
[mkarchiso] INFO: Copying custom pacman.conf to work directory...
[mkarchiso] INFO: Using pacman CacheDir: /var/cache/pacman/pkg/ 
[mkarchiso] INFO: Copying custom airootfs files...
[mkarchiso] WARNING: Cannot change permissions of '/tmp/shobika_work/x86_64/airootfs/root'. The file or directory does not exist.
[mkarchiso] INFO: Done!
[mkarchiso] INFO: Installing packages to '/tmp/shobika_work/x86_64/airootfs/'...
==> Creating install root at /tmp/shobika_work/x86_64/airootfs
==> Installing packages to /tmp/shobika_work/x86_64/airootfs
:: Synchronizing package databases...
 core downloading...
 extra downloading...
 multilib downloading...
resolving dependencies...
:: There are 2 providers available for libxtables.so=12-64:
:: Repository core
   1) iptables  2) iptables-legacy

Enter a number (default=1): 
:: There are 2 providers available for jack:
:: Repository extra
   1) jack2  2) pipewire-jack

Enter a number (default=1): 
looking for conflicting packages...

Packages (656) abseil-cpp-20260526.0-2  accountsservice-26.27.3-1  acl-2.4.0-1  adwaita-cursors-50.0-1  adwaita-fonts-50.0-1  adwaita-icon-theme-legacy-46.2-3  alsa-card-profiles-1:1.6.8-1  alsa-lib-1.2.16.1-1  alsa-topology-conf-1.2.5.1-4  alsa-ucm-conf-1.2.16.1-1  aom-3.14.1-1  appstream-1.1.5-1  archlinux-keyring-20260727-1  at-spi2-core-2.60.6-1  atkmm-2.28.5-2  attr-2.6.0-1  audit-4.2.1-1  avahi-1:0.9rc5-1  bash-5.3.15-1  bluez-libs-5.87-2  brotli-1.2.0-1  bubblewrap-0.11.2-1  bzip2-1.0.8-6  ca-certificates-20240618-1  ca-certificates-mozilla-3.126-1  ca-certificates-utils-20240618-1  cairomm-1.14.6-1  cairomm-1.16-1.18.1-1  cinnamon-control-center-6.6.0-3  cinnamon-desktop-6.6.2-2  cinnamon-menus-6.6.0-1  cinnamon-screensaver-6.6.1-3  cinnamon-session-6.6.4-1  cinnamon-settings-daemon-6.6.4-1  cinnamon-translations-6.6.2-1  cjs-128.1-2  colord-1.4.8-1  coreutils-9.11-2  cryptsetup-2.8.7-1  dav1d-1.5.4-1  db5.3-5.3.28-7  dbus-1.16.2-1  dbus-broker-37-3  dbus-broker-units-37-3  dbus-units-37-3  dconf-0.49.0-1  default-cursors-3-1  desktop-file-utils-0.28-1  device-mapper-2.03.41-1  diffutils-3.12-2  ding-libs-0.7.0-1  djvulibre-3.5.30.1-1  duktape-2.7.0-7  efivar-39-2  ell-0.83-1  enchant-2.8.15-2  evolution-data-server-3.60.2-3  exempi-2.6.6-3  expat-2.8.2-1  ffmpeg-2:8.1.2-11  fftw-3.3.11-1  file-5.48-1  filesystem-2025.10.12-1  findutils-4.11.0-1  flac-1.5.0-1  fontconfig-2:2.18.2-1  freetype2-2.14.3-1  fribidi-1.0.16-2  fuse-common-3.18.2-1  fuse2-2.9.9-5  fuse3-3.18.2-1  gawk-5.4.1-1  gc-8.2.12-1  gcc-libs-16.1.1+r595+g171d15ac6959-1  gcr-3.41.2-2  gcr-4-4.4.0.1-1  gdbm-1.26-2  geocode-glib-3.26.4-6  gettext-1.0-2  ghostscript-10.07.1-1  giflib-6.1.3-2  glib-networking-1:2.80.1-1  glibc-2.44+r5+g7cba77790f32-1  glibmm-2.66.9-1  glibmm-2.68-2.88.1-1  glslang-1:1.4.357.0-1  glycin-2.1.5-2  gmp-6.3.0-3  gnome-backgrounds-50.0-1  gnome-color-manager-3.36.2-1  gnome-desktop-1:44.5-1  gnome-desktop-common-1:44.5-1  gnome-themes-extra-1:3.28-1  gnulib-l10n-20241231-1  gnupg-2.4.9-2  gnutls-3.8.13-2  gobject-introspection-runtime-1.86.0-2  gperftools-2.18.1-1  gpgme-2.1.2-1  gpgmepp-2.1.0-1  gpm-1.20.7.r38.ge82d1a6-6  graphite-1:1.3.15-1  grep-3.12-2  groff-1.24.1-1  gsettings-desktop-schemas-50.1-1  gsettings-system-schemas-50.1-1  gsfonts-20200910-6  gsm-1.0.24-1  gsound-1.0.3-4  gspell-1.14.4-1  gssdp-1.6.6-1  gssproxy-0.9.2-3  gst-plugins-bad-libs-1.28.5-4  gst-plugins-base-libs-1.28.5-4  gstreamer-1.28.5-4  gtest-1.17.0-2  gtk-update-icon-cache-1:4.22.4-1  gtk3-1:3.24.52-1  gtkmm-4.0-4.22.0-2  gtkmm3-3.24.11-1  gtksourceview5-5.20.0-1  guile-3.0.11-1  gupnp-1:1.6.10-1  gupnp-igd-1.6.0-2  gvfs-1.60.2-1  gweather-locations-2026.2-1  gzip-1.14-2  harfbuzz-14.3.0-1  harfbuzz-icu-14.3.0-1  hicolor-icon-theme-0.18-1  hidapi-0.15.0-1  highway-1.4.0-1  hwdata-0.410-1  hwloc-2.14.0-1  hyphen-2.8.9-1  iana-etc-20260530-1  icu-78.3-1  ijs-0.35-7  iproute2-7.1.0-1  iptables-1:1.8.13-1  iputils-20250605-1  iso-codes-4.20.1-1  jack2-1.9.22-2  jansson-2.15.0-1  jbig2dec-0.20-2  jbigkit-2.1-8  js128-128.14.0-1  json-c-0.19-1  json-glib-1.10.8-1  kbd-2.10.0-1  keyutils-1.6.3-4  kmod-34.2-1  krb5-1.22.2-1  l-smash-2.14.5-4  lame-4.0-1  lcms2-2.19.1-1  leancrypto-1.8.0-1  less-1:704-1  libappindicator-12.10.1-1  libarchive-3.8.9-1  libasan-16.1.1+r595+g171d15ac6959-1  libass-0.17.5-1  libassuan-3.0.0-1  libasyncns-1:0.8+r3+g68cd5af-3  libatasmart-0.19-8  libatomic-16.1.1+r595+g171d15ac6959-1  libavc1394-0.5.4-7  libavif-1.4.2-1  libblake3-1.8.4-1  libblockdev-3.5.0-2  libblockdev-crypto-3.5.0-2  libblockdev-fs-3.5.0-2  libblockdev-loop-3.5.0-2  libblockdev-mdraid-3.5.0-2  libblockdev-nvme-3.5.0-2  libblockdev-part-3.5.0-2  libblockdev-smart-3.5.0-2  libblockdev-swap-3.5.0-2  libbluray-1.4.1-1  libbpf-1.7.0-1  libbs2b-3.1.0-10  libbsd-0.12.2-2  libbytesize-2.12-3  libcanberra-1:0.30+r2+gc0620e4-6  libcap-2.78-1  libcap-ng-0.9.3-1  libcdio-2.3.0-1  libcdio-paranoia-10.2+2.0.2-2  libcloudproviders-0.4.0-1  libcolord-1.4.8-1  libcups-2:2.4.19-1  libdaemon-0.14-6  libdatrie-0.2.14-1  libdbusmenu-glib-18.10.20180917-1  libdbusmenu-gtk3-18.10.20180917-1  libdecor-0.2.5-1  libdeflate-1.25-1  libdisplay-info-0.3.0-1  libdovi-3.4.0-1  libdrm-2.4.134-1  libdvdnav-7.0.0-1  libdvdread-7.1.1-1  libebur128-1.2.6-2  libedit-20260512_3.1-1  libei-1.6.0-1  libelf-0.195-1  libepoxy-1.5.10-3  libevdev-1.13.6-1  libevent-2.1.13-2  libexif-0.6.26-1  libfdk-aac-2.0.3-2  libffi-3.7.1-1  libfontenc-1.1.9-1  libfreeaptx-0.2.2-1  libfyaml-0.9.6-3  libgcc-16.1.1+r595+g171d15ac6959-1  libgcrypt-1.12.2-1  libgee-0.20.8-1  libgfortran-16.1.1+r595+g171d15ac6959-1  libgirepository-1.86.0-2  libglvnd-1.7.0-3  libgnomekbd-1:3.28.1-2  libgoa-3.58.1-1  libgomp-16.1.1+r595+g171d15ac6959-1  libgpg-error-1.61-1  libgudev-238-3  libgusb-0.4.9-2  libgweather-4-4.6.0-1  libgxps-0.3.2-5  libhandy-1.8.3-2  libhwasan-16.1.1+r595+g171d15ac6959-1  libibus-1.5.34-1  libical-4.0.4-1  libice-1.1.2-1  libidn-1.44-1  libidn2-2.3.8-1  libiec61883-1.2.0-9  libimagequant-4.4.1-2  libimobiledevice-1.4.0-2  libimobiledevice-glue-1.3.2-1  libinput-1.31.3-1  libisl-0.28-1  libjpeg-turbo-3.2.0-2  libjxl-0.12.0-1  libkeybinder3-0.3.2-5  libksba-1.8.0-1  liblc3-1.1.3-2  libldac-2.0.2.6-1  libldap-2.6.13-1  liblsan-16.1.1+r595+g171d15ac6959-1  libmakepkg-dropins-20-1  libmanette-0.2.13-2  libmd-1.2.0-1  libmm-glib-1.24.2-1  libmnl-1.0.5-2  libmodplug-0.8.9.0-7  libmpc-1.4.1-1  libmysofa-1.3.4-1  libnautilus-extension-50.2.2-1  libndp-1.9-1  libnetfilter_conntrack-1.1.1-1  libnewt-0.52.25-2  libnfnetlink-1.0.2-2  libnftnl-1.3.1-1  libnghttp2-1.70.0-1  libnghttp3-1.18.0-1  libngtcp2-1.25.0-1  libnice-0.1.23-1  libnl-3.12.0-1  libnm-1.58.0-1  libnma-1.10.6-3  libnma-common-1.10.6-3  libnotify-0.8.8-1  libnsl-2.0.1-2  libntfs-3g-2026.7.7-1  libnvme-1.16.2-1  libobjc-16.1.1+r595+g171d15ac6959-1  libogg-1.3.6-1  libopenmpt-0.8.7-1  libp11-kit-0.26.4-1  libpaper-2.2.8-1  libpcap-1.10.6-1  libpciaccess-0.19-1  libpeas-1.38.1-1  libpgm-5.3.128-4  libphonenumber-1:9.0.36-2  libpipeline-1.5.8-1  libpipewire-1:1.6.8-1  libplacebo-7.360.1-6  libplist-2.7.0-3  libpng-1.6.58-2  libproxy-0.5.12-1  libpsl-0.21.5-2  libpulse-17.0+r98+gb096704c0-1  libquadmath-16.1.1+r595+g171d15ac6959-1  libraqm-0.11.0-1  libraw1394-2.1.2-4  libsamplerate-0.2.2-3  libsasl-2.1.28-5  libseccomp-2.6.0-1  libsecret-0.21.7-1  libsigc++-2.12.2-1  libsigc++-3.0-3.8.1-1  libsm-1.2.6-1  libsndfile-1.2.2-4  libsodium-1.0.22-1  libsoup3-3.6.6-2  libsoxr-0.1.3-5  libspectre-0.2.12-2  libssh-0.12.2-1  libssh2-1.11.1-7  libstdc++-16.1.1+r595+g171d15ac6959-1  libstemmer-3.1.1-1  libsynctex-2026.0-2  libsysprof-capture-50.0-4  libtasn1-4.21.0-1  libtatsu-1.0.5-1  libteam-1.32-3  libthai-0.1.30-1  libtheora-1.2.0-1  libtiff-4.7.2-1  libtirpc-1.3.7-1  libtool-2.6.2-3  libtsan-16.1.1+r595+g171d15ac6959-1  libubsan-16.1.1+r595+g171d15ac6959-1  libunibreak-7.0-1  libunistring-1.4.2-1  libunwind-1.8.2-1  liburing-2.15-1  libusb-1.0.30-1  libusbmuxd-2.1.1-2  libva-2.24.1-1  libvdpau-1.5-4  libverto-0.3.2-6  libvorbis-1.3.7-4  libvpl-2.17.0-1  libvpx-1.16.0-3  libwacom-2.19.1-1  libwebp-1.6.0-2  libwireplumber-0.5.15-1  libx11-1.8.13-1  libxau-1.0.12-1  libxcb-1.17.0-1  libxcomposite-0.4.7-1  libxcrypt-4.5.2-1  libxcursor-1.2.3-1  libxcvt-0.1.3-1  libxdamage-1.1.7-1  libxdmcp-1.1.5-2  libxext-1.3.7-1  libxfixes-6.0.2-1  libxfont2-2.0.9-1  libxft-2.3.9-1  libxi-1.8.3-1  libxinerama-1.1.6-1  libxkbcommon-1.13.2-1  libxkbcommon-x11-1.13.2-1  libxkbfile-1.2.0-1  libxklavier-5.4-7  libxml2-2.15.3-1  libxmlb-0.3.29-1  libxmu-1.3.1-1  libxrandr-1.5.5-1  libxrender-0.9.12-1  libxshmfence-1.3.3-1  libxslt-1.1.45-2  libxss-1.2.5-1  libxt-1.3.1-1  libxtst-1.2.5-1  libxv-1.0.13-1  libxxf86vm-1.1.7-1  libyuv-r2426+464c51a03-1  licenses-20240728-1  lilv-0.28.0-1  linux-api-headers-7.1-1  linux-firmware-amdgpu-20260622-1  linux-firmware-atheros-20260622-1  linux-firmware-broadcom-20260622-1  linux-firmware-cirrus-20260622-1  linux-firmware-intel-20260622-1  linux-firmware-mediatek-20260622-1  linux-firmware-nvidia-20260622-1  linux-firmware-other-20260622-1  linux-firmware-radeon-20260622-1  linux-firmware-realtek-20260622-1  linux-firmware-whence-20260622-1  llvm-libs-22.1.8-2  lm_sensors-1:3.6.2-1  lmdb-0.9.35-1  lua-5.5.1-1  lua54-5.4.8-6  lv2-1.18.10-2  lz4-1:1.10.0-2  lzo-2.10-5  mailcap-2.1.54-2  mdadm-4.6-2  mkinitcpio-busybox-1.36.1-1  mobile-broadband-provider-info-20251101-1  mpdecimal-4.0.1-3  mpfr-4.2.2-1  mpg123-1.33.5-1  mtdev-1.1.7-1  muffin-6.6.3-1  ncurses-6.6-2  nettle-4.0-1  nfsidmap-2.9.2-1  nftables-1:1.1.6-3  nm-connection-editor-1.36.0-2  npth-1.8-1  nspr-4.39-1  nss-3.126-1  ocl-icd-2.3.5-1  onetbb-2023.1.0-1  opencore-amr-0.1.6-2  openjpeg2-2.5.4-1  openssl-3.6.3-1  opus-1.6.1-1  orc-0.4.42-1  p11-kit-0.26.4-1  pacman-7.1.0.r9.g54d9411-2  pacman-mirrorlist-20260610-1  pahole-1:1.31-2  pam-1.7.2-2  pambase-20260616-1  pangomm-2.46.5-1  pangomm-2.48-2.56.2-1  parted-3.7-1  pcre-8.45-4  pcre2-10.47-1  pcsclite-2.5.1-1  perl-5.42.2-1  perl-error-0.17030-3  perl-mailtools-2.22-3  perl-timedate-2.35-1  pinentry-1.3.3-1  pipewire-audio-1:1.6.8-1  pixman-0.46.4-1  polkit-127-3  poppler-26.07.0-1  poppler-data-0.4.12-2  poppler-glib-26.07.0-1  popt-1.19-2  portaudio-1:19.7.0-4  procps-ng-4.0.6-3  protobuf-35.1-1  psmisc-23.7-2  python-3.14.6-1  python-autocommand-2.2.2-9  python-cairo-1.29.1-1  python-certifi-2026.07.22-1  python-charset-normalizer-3.4.7-1  python-gobject-3.56.3-1  python-idna-3.18-1  python-jaraco.collections-5.1.0-3  python-jaraco.context-6.1.2-1  python-jaraco.functools-4.1.0-3  python-jaraco.text-4.0.0-4  python-mako-1.3.12-1  python-markdown-3.10.3-1  python-markupsafe-3.0.3-1  python-more-itertools-11.1.0-1  python-packaging-26.2-1  python-pam-2.0.2-6  python-pexpect-4.9.0-7  python-pillow-12.3.0-1  python-platformdirs-4.11.0-1  python-psutil-7.2.2-1  python-ptyprocess-0.7.0-9  python-pyinotify-0.9.6-16  python-pytz-2026.1-1  python-requests-2.34.2-1  python-setproctitle-1.3.7-2  python-setuptools-1:84.0.0-1  python-tinycss2-1.5.1-2  python-urllib3-2.7.0-1  python-webencodings-0.5.1-13  python-wheel-0.47.0-1  python-xapp-3.0.3-1  rav1e-0.8.1-3  readline-8.3.003-1  rpcbind-1.2.9-1  rubberband-4.0.0-2  sbc-2.2-1  sdl2-compat-2.32.70-1  sdl3-3.4.14-1  sed-4.10-1  serd-0.32.10-1  shaderc-2026.3-1  shadow-4.20.0.arch1-1  shared-mime-info-2.5.1-2  slang-2.3.3-4  snappy-1.2.2-3  sndio-1.10.0-1  sord-0.16.22-1  sound-theme-freedesktop-0.8-6  spandsp-0.0.6-7  speex-1.2.1-2  speexdsp-1.2.1-2  spirv-tools-1:1.4.357.0-1  sqlite-3.53.4-1  sratom-0.6.22-1  srt-1.5.6-1  startup-notification-0.12-9  svt-av1-4.2.0-1  systemd-261.2-1  systemd-libs-261.2-1  systemd-sysvcompat-261.2-1  tar-1.35-2  tdb-1.4.15-1  timezonemap-0.4.5.4-1  tinysparql-3.11.1-1  tpm2-tss-4.1.3-1  tzdata-2026c-1  udisks2-2.11.2-1  upower-1.91.3-1  util-linux-2.42.2-1  util-linux-libs-2.42.2-1  v4l-utils-1.32.0-2  vapoursynth-77-2  vid.stab-1.1.1-3  vim-runtime-9.2.0849-1  vmaf-3.2.0-1  volume_key-0.3.12-12  vte-common-0.84.1-1  vte3-0.84.1-1  vulkan-icd-loader-1.4.357.0-1  vulkan-mesa-implicit-layers-1:26.1.6-1  webkit2gtk-4.1-2.52.5-2  webrtc-audio-processing-1-1.3-5  woff2-1.0.2-6  x264-3:0.165.r3222.b35605a-2  x265-4.2-2  xapp-3.2.2-1  xapp-symbolic-icons-1.1.0-1  xcb-proto-1.17.0-4  xcb-util-0.4.1-2  xcb-util-keysyms-0.4.1-5  xdg-dbus-proxy-0.1.7-1  xdg-desktop-portal-1.22.1-2  xdg-desktop-portal-gtk-1.15.3-1  xdg-desktop-portal-xapp-1.1.3-2  xdotool-4.20260303.1-1  xf86-input-libinput-1.5.0-1  xkeyboard-config-2.48-1  xorg-fonts-encodings-1.1.0-2  xorg-server-common-21.1.24-1  xorg-setxkbmap-1.3.5-1  xorg-xauth-1.1.5-1  xorg-xkbcomp-1.5.0-1  xorg-xmodmap-1.0.12-1  xorg-xprop-1.2.8-1  xorg-xrdb-1.2.3-1  xorg-xwayland-24.1.13-1  xorgproto-2025.1-1  xvidcore-1.3.7-4  xxhash-0.8.3-1  xz-5.8.3-1  yyjson-0.12.0-1  zenity-4.2.2-1  zeromq-4.3.5-3  zimg-3.0.6-2  zix-0.8.2-1  zlib-1:1.3.2-3  zlib-ng-2.3.3-1  zstd-1.5.7-3  7zip-26.02-1  adwaita-icon-theme-50.0-1  amd-ucode-20260622-1  arch-install-scripts-31-1  base-3-3  bash-completion-2.18.0-1  binutils-2.47-1  btop-1.4.7-1  btrfs-progs-7.1-1  cairo-1.18.4-1  cinnamon-6.6.9-1  curl-8.21.0-1  dialog-1:1.3_20260721-1  dmidecode-3.7-1  dosfstools-4.2-5  e2fsprogs-1.47.4-1  efibootmgr-18-4  eog-50.2-1  evince-1:48.4-1  fastfetch-2.66.0-1  file-roller-44.7-1  firefox-153.0.3-1  gcc-16.1.1+r595+g171d15ac6959-1  gdk-pixbuf2-2.44.7-1  git-2.55.0-1  glib2-2.88.3-1  gnome-calculator-50.0-1  gnome-terminal-3.60.0-1  gobject-introspection-1.86.0-2  gparted-1.8.1-2  graphene-1.10.8-2  grub-2:2.14-1  gtk4-1:4.22.4-1  htop-3.5.2-1  intel-ucode-20260512-1  iwd-3.12-1  libadwaita-1:1.9.3-1  librsvg-2:2.62.3-1  lightdm-1:1.32.0-9  lightdm-gtk-greeter-1:2.0.9-2  linux-7.1.6.arch1-1  linux-firmware-20260622-1  linux-headers-7.1.6.arch1-1  lshw-B.02.20-3  make-4.4.1-3  man-db-2.13.1-2  man-pages-6.18-1  mesa-1:26.1.6-1  mkinitcpio-41-4  mkinitcpio-archiso-73-1  nano-9.1-1  nemo-6.6.4-1  network-manager-applet-1.36.0-2  networkmanager-1.58.0-1  nfs-utils-2.9.2-1  noto-fonts-1:2026.08.01-1  noto-fonts-cjk-20240730-1  noto-fonts-emoji-1:2.051-1  ntfs-3g-2026.7.7-1  openssh-10.4p1-3  os-prober-1.84-1  pacman-contrib-1.13.1-1  pango-1:1.58.2-1  papirus-icon-theme-20260801-1  patch-2.8-1  pavucontrol-1:6.2-1  pciutils-3.15.0-1  pipewire-1:1.6.8-1  pipewire-alsa-1:1.6.8-1  pipewire-pulse-1:1.6.8-1  pkgconf-3.0.5-1  reflector-2023-5  squashfs-tools-4.7.5-1  sudo-1.9.17.p2-6  syslinux-6.04.pre3.r3.g05ac953c-5  ttf-jetbrains-mono-2.304-2  unzip-6.0-23  usbutils-019-1  vim-9.2.0849-1  vulkan-intel-1:26.1.6-1  vulkan-radeon-1:26.1.6-1  wayland-1.25.0-1  wget-1.25.0-6  which-2.25-1  wireless_tools-30.pre9-5  wireplumber-0.5.15-1  wpa_supplicant-2:2.11-5  xorg-server-21.1.24-1  xorg-xinit-1.4.4-1  xorg-xrandr-1.5.4-1  xorg-xset-1.2.6-1

Total Download Size:   1425.29 MiB
Total Installed Size:  4508.83 MiB

:: Proceed with installation? [Y/n] 
:: Retrieving packages...
 noto-fonts-cjk-20240730-1-any downloading...
 linux-7.1.6.arch1-1-x86_64 downloading...
 linux-firmware-intel-20260622-1-any downloading...
 linux-firmware-nvidia-20260622-1-any downloading...
 firefox-153.0.3-1-x86_64 downloading...
 linux-headers-7.1.6.arch1-1-x86_64 downloading...
 linux-firmware-atheros-20260622-1-any downloading...
 gnome-backgrounds-50.0-1-any downloading...
 webkit2gtk-4.1-2.52.5-2-x86_64 downloading...
 linux-firmware-mediatek-20260622-1-any downloading...
 linux-firmware-other-20260622-1-any downloading...
 noto-fonts-1:2026.08.01-1-any downloading...
 linux-firmware-amdgpu-20260622-1-any downloading...
 papirus-icon-theme-20260801-1-any downloading...
 perl-5.42.2-1-x86_64 downloading...
 ghostscript-10.07.1-1-x86_64 downloading...
 ffmpeg-2:8.1.2-11-x86_64 downloading...
 js128-128.14.0-1-x86_64 downloading...
 python-3.14.6-1-x86_64 downloading...
 linux-firmware-broadcom-20260622-1-any downloading...
 intel-ucode-20260512-1-any downloading...
 icu-78.3-1-x86_64 downloading...
 systemd-261.2-1-x86_64 downloading...
 glibc-2.44+r5+g7cba77790f32-1-x86_64 downloading...
 noto-fonts-emoji-1:2.051-1-any downloading...
 guile-3.0.11-1-x86_64 downloading...
 binutils-2.47-1-x86_64 downloading...
 vim-runtime-9.2.0849-1-x86_64 downloading...
 git-2.55.0-1-x86_64 downloading...
 linux-firmware-realtek-20260622-1-any downloading...
 util-linux-2.42.2-1-x86_64 downloading...
 man-pages-6.18-1-any downloading...
 openssl-3.6.3-1-x86_64 downloading...
 glib2-2.88.3-1-x86_64 downloading...
 vulkan-intel-1:26.1.6-1-x86_64 downloading...
 evolution-data-server-3.60.2-3-x86_64 downloading...
 networkmanager-1.58.0-1-x86_64 downloading...
 protobuf-35.1-1-x86_64 downloading...
 cinnamon-translations-6.6.2-1-any downloading...
 vulkan-radeon-1:26.1.6-1-x86_64 downloading...
 opus-1.6.1-1-x86_64 downloading...
 eog-50.2-1-x86_64 downloading...
 gettext-1.0-2-x86_64 downloading...
 aom-3.14.1-1-x86_64 downloading...
 coreutils-9.11-2-x86_64 downloading...
 gnupg-2.4.9-2-x86_64 downloading...
 linux-firmware-cirrus-20260622-1-any downloading...
 gweather-locations-2026.2-1-x86_64 downloading...
 fftw-3.3.11-1-x86_64 downloading...
 zenity-4.2.2-1-x86_64 downloading...
 glslang-1:1.4.357.0-1-x86_64 downloading...
 vim-9.2.0849-1-x86_64 downloading...
 timezonemap-0.4.5.4-1-x86_64 downloading...
 sqlite-3.53.4-1-x86_64 downloading...
 groff-1.24.1-1-x86_64 downloading...
 gnome-themes-extra-1:3.28-1-any downloading...
 linux-firmware-radeon-20260622-1-any downloading...
 muffin-6.6.3-1-x86_64 downloading...
 evince-1:48.4-1-x86_64 downloading...
 x265-4.2-2-x86_64 downloading...
 gnome-calculator-50.0-1-x86_64 downloading...
 cinnamon-6.6.9-1-x86_64 downloading...
 v4l-utils-1.32.0-2-x86_64 downloading...
 7zip-26.02-1-x86_64 downloading...
 svt-av1-4.2.0-1-x86_64 downloading...
 gparted-1.8.1-2-x86_64 downloading...
 bash-5.3.15-1-x86_64 downloading...
 poppler-data-0.4.12-2-any downloading...
 sudo-1.9.17.p2-6-x86_64 downloading...
 poppler-26.07.0-1-x86_64 downloading...
 gnutls-3.8.13-2-x86_64 downloading...
 pipewire-audio-1:1.6.8-1-x86_64 downloading...
 sdl3-3.4.14-1-x86_64 downloading...
 wpa_supplicant-2:2.11-5-x86_64 downloading...
 nss-3.126-1-x86_64 downloading...
 colord-1.4.8-1-x86_64 downloading...
 hwdata-0.410-1-any downloading...
 pcre2-10.47-1-x86_64 downloading...
 lshw-B.02.20-3-x86_64 downloading...
 gsfonts-20200910-6-any downloading...
 rav1e-0.8.1-3-x86_64 downloading...
 xorg-server-21.1.24-1-x86_64 downloading...
 gtkmm-4.0-4.22.0-2-x86_64 downloading...
 linux-api-headers-7.1-1-x86_64 downloading...
 gawk-5.4.1-1-x86_64 downloading...
 leancrypto-1.8.0-1-x86_64 downloading...
 openssh-10.4p1-3-x86_64 downloading...
 systemd-libs-261.2-1-x86_64 downloading...
 gtkmm3-3.24.11-1-x86_64 downloading...
 syslinux-6.04.pre3.r3.g05ac953c-5-x86_64 downloading...
 krb5-1.22.2-1-x86_64 downloading...
 libsamplerate-0.2.2-3-x86_64 downloading...
 abseil-cpp-20260526.0-2-x86_64 downloading...
 libvpx-1.16.0-3-x86_64 downloading...
 btrfs-progs-7.1-1-x86_64 downloading...
 kbd-2.10.0-1-x86_64 downloading...
 curl-8.21.0-1-x86_64 downloading...
 db5.3-5.3.28-7-x86_64 downloading...
 e2fsprogs-1.47.4-1-x86_64 downloading...
 gnome-terminal-3.60.0-1-x86_64 downloading...
 archlinux-keyring-20260727-1-any downloading...
 iproute2-7.1.0-1-x86_64 downloading...
 shadow-4.20.0.arch1-1-x86_64 downloading...
 ncurses-6.6-2-x86_64 downloading...
 man-db-2.13.1-2-x86_64 downloading...
 libphonenumber-1:9.0.36-2-x86_64 downloading...
 libmysofa-1.3.4-1-x86_64 downloading...
 glibmm-2.68-2.88.1-1-x86_64 downloading...
 djvulibre-3.5.30.1-1-x86_64 downloading...
 vapoursynth-77-2-x86_64 downloading...
 gnome-color-manager-3.36.2-1-x86_64 downloading...
 glibmm-2.66.9-1-x86_64 downloading...
 xorg-xwayland-24.1.13-1-x86_64 downloading...
 pcre-8.45-4-x86_64 downloading...
 procps-ng-4.0.6-3-x86_64 downloading...
 gtksourceview5-5.20.0-1-x86_64 downloading...
 nemo-6.6.4-1-x86_64 downloading...
 gvfs-1.60.2-1-x86_64 downloading...
 pacman-7.1.0.r9.g54d9411-2-x86_64 downloading...
 python-pillow-12.3.0-1-x86_64 downloading...
 tpm2-tss-4.1.3-1-x86_64 downloading...
 libnm-1.58.0-1-x86_64 downloading...
 libgfortran-16.1.1+r595+g171d15ac6959-1-x86_64 downloading...
 libopenmpt-0.8.7-1-x86_64 downloading...
 openjpeg2-2.5.4-1-x86_64 downloading...
 libbluray-1.4.1-1-x86_64 downloading...
 xz-5.8.3-1-x86_64 downloading...
 libstdc++-16.1.1+r595+g171d15ac6959-1-x86_64 downloading...
 cryptsetup-2.8.7-1-x86_64 downloading...
 libcap-2.78-1-x86_64 downloading...
 slang-2.3.3-4-x86_64 downloading...
 ttf-jetbrains-mono-2.304-2-any downloading...
 python-setuptools-1:84.0.0-1-any downloading...
 udisks2-2.11.2-1-x86_64 downloading...
 nm-connection-editor-1.36.0-2-x86_64 downloading...
 tar-1.35-2-x86_64 downloading...
 libxml2-2.15.3-1-x86_64 downloading...
 file-roller-44.7-1-x86_64 downloading...
 x264-3:0.165.r3222.b35605a-2-x86_64 downloading...
 libical-4.0.4-1-x86_64 downloading...
 libgcrypt-1.12.2-1-x86_64 downloading...
 gcr-3.41.2-2-x86_64 downloading...
 libunistring-1.4.2-1-x86_64 downloading...
 libfdk-aac-2.0.3-2-x86_64 downloading...
 wget-1.25.0-6-x86_64 downloading...
 libimobiledevice-1.4.0-2-x86_64 downloading...
 nano-9.1-1-x86_64 downloading...
 libelf-0.195-1-x86_64 downloading...
 fastfetch-2.66.0-1-x86_64 downloading...
 iwd-3.12-1-x86_64 downloading...
 btop-1.4.7-1-x86_64 downloading...
 pam-1.7.2-2-x86_64 downloading...
 libarchive-3.8.9-1-x86_64 downloading...
 xorg-fonts-encodings-1.1.0-2-any downloading...
 libmm-glib-1.24.2-1-x86_64 downloading...
 zeromq-4.3.5-3-x86_64 downloading...
 exempi-2.6.6-3-x86_64 downloading...
 gcr-4-4.4.0.1-1-x86_64 downloading...
 parted-3.7-1-x86_64 downloading...
 srt-1.5.6-1-x86_64 downloading...
 webrtc-audio-processing-1-1.3-5-x86_64 downloading...
 libxt-1.3.1-1-x86_64 downloading...
 libexif-0.6.26-1-x86_64 downloading...
 alsa-lib-1.2.16.1-1-x86_64 downloading...
 libplacebo-7.360.1-6-x86_64 downloading...
 util-linux-libs-2.42.2-1-x86_64 downloading...
 libp11-kit-0.26.4-1-x86_64 downloading...
 findutils-4.11.0-1-x86_64 downloading...
 gobject-introspection-1.86.0-2-x86_64 downloading...
 libasan-16.1.1+r595+g171d15ac6959-1-x86_64 downloading...
 make-4.4.1-3-x86_64 downloading...
 zstd-1.5.7-3-x86_64 downloading...
 vte3-0.84.1-1-x86_64 downloading...
 speex-1.2.1-2-x86_64 downloading...
 jack2-1.9.22-2-x86_64 downloading...
 sdl2-compat-2.32.70-1-x86_64 downloading...
 libtsan-16.1.1+r595+g171d15ac6959-1-x86_64 downloading...
 libhandy-1.8.3-2-x86_64 downloading...
 nettle-4.0-1-x86_64 downloading...
 mpg123-1.33.5-1-x86_64 downloading...
 file-5.48-1-x86_64 downloading...
 speexdsp-1.2.1-2-x86_64 downloading...
 cjs-128.1-2-x86_64 downloading...
 gnome-desktop-common-1:44.5-1-x86_64 downloading...
 gmp-6.3.0-3-x86_64 downloading...
 mpfr-4.2.2-1-x86_64 downloading...
 libibus-1.5.34-1-x86_64 downloading...
 nftables-1:1.1.6-3-x86_64 downloading...
 libtheora-1.2.0-1-x86_64 downloading...
 libtool-2.6.2-3-x86_64 downloading...
 libnl-3.12.0-1-x86_64 downloading...
 spandsp-0.0.6-7-x86_64 downloading...
 iptables-1:1.8.13-1-x86_64 downloading...
 mdadm-4.6-2-x86_64 downloading...
 nfs-utils-2.9.2-1-x86_64 downloading...
 polkit-127-3-x86_64 downloading...
 readline-8.3.003-1-x86_64 downloading...
 audit-4.2.1-1-x86_64 downloading...
 iana-etc-20260530-1-any downloading...
 libpulse-17.0+r98+gb096704c0-1-x86_64 downloading...
 brotli-1.2.0-1-x86_64 downloading...
 lua-5.5.1-1-x86_64 downloading...
 cinnamon-settings-daemon-6.6.4-1-x86_64 downloading...
 ca-certificates-mozilla-3.126-1-x86_64 downloading...
 sound-theme-freedesktop-0.8-6-any downloading...
 poppler-glib-26.07.0-1-x86_64 downloading...
 lua54-5.4.8-6-x86_64 downloading...
 dbus-1.16.2-1-x86_64 downloading...
 diffutils-3.12-2-x86_64 downloading...
 flac-1.5.0-1-x86_64 downloading...
 gpgme-2.1.2-1-x86_64 downloading...
 pahole-1:1.31-2-x86_64 downloading...
 python-gobject-3.56.3-1-x86_64 downloading...
 l-smash-2.14.5-4-x86_64 downloading...
 cinnamon-control-center-6.6.0-3-x86_64 downloading...
 libavif-1.4.2-1-x86_64 downloading...
 libsndfile-1.2.2-4-x86_64 downloading...
 lame-4.0-1-x86_64 downloading...
 libnvme-1.16.2-1-x86_64 downloading...
 device-mapper-2.03.41-1-x86_64 downloading...
 tzdata-2026c-1-x86_64 downloading...
 libidn-1.44-1-x86_64 downloading...
 libyuv-r2426+464c51a03-1-x86_64 downloading...
 libgweather-4-4.6.0-1-x86_64 downloading...
 rubberband-4.0.0-2-x86_64 downloading...
 libwireplumber-0.5.15-1-x86_64 downloading...
 libpcap-1.10.6-1-x86_64 downloading...
 libevent-2.1.13-2-x86_64 downloading...
 wireplumber-0.5.15-1-x86_64 downloading...
 libdovi-3.4.0-1-x86_64 downloading...
 libldap-2.6.13-1-x86_64 downloading...
 libgee-0.20.8-1-x86_64 downloading...
 cinnamon-desktop-6.6.2-2-x86_64 downloading...
 mkinitcpio-busybox-1.36.1-1-x86_64 downloading...
 libgpg-error-1.61-1-x86_64 downloading...
 libhwasan-16.1.1+r595+g171d15ac6959-1-x86_64 downloading...
 libbpf-1.7.0-1-x86_64 downloading...
 liburing-2.15-1-x86_64 downloading...
 libimagequant-4.4.1-2-x86_64 downloading...
 libblockdev-3.5.0-2-x86_64 downloading...
 libssh-0.12.2-1-x86_64 downloading...
 libssh2-1.11.1-7-x86_64 downloading...
 psmisc-23.7-2-x86_64 downloading...
 libcdio-2.3.0-1-x86_64 downloading...
 p11-kit-0.26.4-1-x86_64 downloading...
 gdbm-1.26-2-x86_64 downloading...
 ell-0.83-1-x86_64 downloading...
 sed-4.10-1-x86_64 downloading...
 python-urllib3-2.7.0-1-any downloading...
 xapp-3.2.2-1-x86_64 downloading...
 amd-ucode-20260622-1-any downloading...
 zimg-3.0.6-2-x86_64 downloading...
 libvpl-2.17.0-1-x86_64 downloading...
 grep-3.12-2-x86_64 downloading...
 gc-8.2.12-1-x86_64 downloading...
 lightdm-1:1.32.0-9-x86_64 downloading...
 libgomp-16.1.1+r595+g171d15ac6959-1-x86_64 downloading...
 libinput-1.31.3-1-x86_64 downloading...
 liblsan-16.1.1+r595+g171d15ac6959-1-x86_64 downloading...
 libntfs-3g-2026.7.7-1-x86_64 downloading...
 python-charset-normalizer-3.4.7-1-x86_64 downloading...
 bash-completion-2.18.0-1-any downloading...
 libngtcp2-1.25.0-1-x86_64 downloading...
 xvidcore-1.3.7-4-x86_64 downloading...
 pavucontrol-1:6.2-1-x86_64 downloading...
 pipewire-pulse-1:1.6.8-1-x86_64 downloading...
 libsodium-1.0.22-1-x86_64 downloading...
 dialog-1:1.3_20260721-1-x86_64 downloading...
 python-psutil-7.2.2-1-x86_64 downloading...
 libubsan-16.1.1+r595+g171d15ac6959-1-x86_64 downloading...
 libxslt-1.1.45-2-x86_64 downloading...
 python-packaging-26.2-1-any downloading...
 nspr-4.39-1-x86_64 downloading...
 libogg-1.3.6-1-x86_64 downloading...
 python-markdown-3.10.3-1-any downloading...
 libnma-common-1.10.6-3-x86_64 downloading...
 libsecret-0.21.7-1-x86_64 downloading...
 libwacom-2.19.1-1-x86_64 downloading...
 libvorbis-1.3.7-4-x86_64 downloading...
 libpgm-5.3.128-4-x86_64 downloading...
 htop-3.5.2-1-x86_64 downloading...
 python-mako-1.3.12-1-any downloading...
 cinnamon-screensaver-6.6.1-3-x86_64 downloading...
 libtirpc-1.3.7-1-x86_64 downloading...
 upower-1.91.3-1-x86_64 downloading...
 libmodplug-0.8.9.0-7-x86_64 downloading...
 accountsservice-26.27.3-1-x86_64 downloading...
 pinentry-1.3.3-1-x86_64 downloading...
 network-manager-applet-1.36.0-2-x86_64 downloading...
 libquadmath-16.1.1+r595+g171d15ac6959-1-x86_64 downloading...
 libplist-2.7.0-3-x86_64 downloading...
 less-1:704-1-x86_64 downloading...
 libbsd-0.12.2-2-x86_64 downloading...
 gpgmepp-2.1.0-1-x86_64 downloading...
 shaderc-2026.3-1-x86_64 downloading...
 xapp-symbolic-icons-1.1.0-1-any downloading...
 lz4-1:1.10.0-2-x86_64 downloading...
 lv2-1.18.10-2-x86_64 downloading...
 yyjson-0.12.0-1-x86_64 downloading...
 libksba-1.8.0-1-x86_64 downloading...
 pciutils-3.15.0-1-x86_64 downloading...
 libgirepository-1.86.0-2-x86_64 downloading...
 acl-2.4.0-1-x86_64 downloading...
 dbus-broker-37-3-x86_64 downloading...
 libsasl-2.1.28-5-x86_64 downloading...
 python-requests-2.34.2-1-any downloading...
 efivar-39-2-x86_64 downloading...
 opencore-amr-0.1.6-2-x86_64 downloading...
 unzip-6.0-23-x86_64 downloading...
 libdvdread-7.1.1-1-x86_64 downloading...
 iputils-20250605-1-x86_64 downloading...
 libgnomekbd-1:3.28.1-2-x86_64 downloading...
 gpm-1.20.7.r38.ge82d1a6-6-x86_64 downloading...
 libtasn1-4.21.0-1-x86_64 downloading...
 libidn2-2.3.8-1-x86_64 downloading...
 wireless_tools-30.pre9-5-x86_64 downloading...
 alsa-ucm-conf-1.2.16.1-1-any downloading...
 libgoa-3.58.1-1-x86_64 downloading...
 kmod-34.2-1-x86_64 downloading...
 volume_key-0.3.12-12-x86_64 downloading...
 libpeas-1.38.1-1-x86_64 downloading...
 python-more-itertools-11.1.0-1-any downloading...
 expat-2.8.2-1-x86_64 downloading...
 sndio-1.10.0-1-x86_64 downloading...
 libass-0.17.5-1-x86_64 downloading...
 gnulib-l10n-20241231-1-any downloading...
 libdisplay-info-0.3.0-1-x86_64 downloading...
 liblc3-1.1.3-2-x86_64 downloading...
 fuse2-2.9.9-5-x86_64 downloading...
 pangomm-2.48-2.56.2-1-x86_64 downloading...
 gnome-desktop-1:44.5-1-x86_64 downloading...
 libei-1.6.0-1-x86_64 downloading...
 lmdb-0.9.35-1-x86_64 downloading...
 cinnamon-session-6.6.4-1-x86_64 downloading...
 libassuan-3.0.0-1-x86_64 downloading...
 zlib-ng-2.3.3-1-x86_64 downloading...
 libteam-1.32-3-x86_64 downloading...
 usbutils-019-1-x86_64 downloading...
 libnma-1.10.6-3-x86_64 downloading...
 ocl-icd-2.3.5-1-x86_64 downloading...
 licenses-20240728-1-any downloading...
 libgxps-0.3.2-5-x86_64 downloading...
 pcsclite-2.5.1-1-x86_64 downloading...
 python-pexpect-4.9.0-7-any downloading...
 gspell-1.14.4-1-x86_64 downloading...
 atkmm-2.28.5-2-x86_64 downloading...
 mpdecimal-4.0.1-3-x86_64 downloading...
 keyutils-1.6.3-4-x86_64 downloading...
 portaudio-1:19.7.0-4-x86_64 downloading...
 python-cairo-1.29.1-1-x86_64 downloading...
 libnghttp2-1.70.0-1-x86_64 downloading...
 libxfont2-2.0.9-1-x86_64 downloading...
 pangomm-2.46.5-1-x86_64 downloading...
 gssproxy-0.9.2-3-x86_64 downloading...
 libseccomp-2.6.0-1-x86_64 downloading...
 libnewt-0.52.25-2-x86_64 downloading...
 bluez-libs-5.87-2-x86_64 downloading...
 cairomm-1.16-1.18.1-1-x86_64 downloading...
 libxcrypt-4.5.2-1-x86_64 downloading...
 xorg-xkbcomp-1.5.0-1-x86_64 downloading...
 lightdm-gtk-greeter-1:2.0.9-2-x86_64 downloading...
 cairomm-1.14.6-1-x86_64 downloading...
 jansson-2.15.0-1-x86_64 downloading...
 libdbusmenu-glib-18.10.20180917-1-x86_64 downloading...
 libpsl-0.21.5-2-x86_64 downloading...
 gzip-1.14-2-x86_64 downloading...
 python-idna-3.18-1-any downloading...
 patch-2.8-1-x86_64 downloading...
 libnghttp3-1.18.0-1-x86_64 downloading...
 zlib-1:1.3.2-3-x86_64 downloading...
 libcanberra-1:0.30+r2+gc0620e4-6-x86_64 downloading...
 libsoxr-0.1.3-5-x86_64 downloading...
 libusb-1.0.30-1-x86_64 downloading...
 libgcc-16.1.1+r595+g171d15ac6959-1-x86_64 downloading...
 libice-1.1.2-1-x86_64 downloading...
 enchant-2.8.15-2-x86_64 downloading...
 libxmu-1.3.1-1-x86_64 downloading...
 dmidecode-3.7-1-x86_64 downloading...
 popt-1.19-2-x86_64 downloading...
 libxkbfile-1.2.0-1-x86_64 downloading...
 ding-libs-0.7.0-1-x86_64 downloading...
 python-wheel-0.47.0-1-any downloading...
 libnftnl-1.3.1-1-x86_64 downloading...
 attr-2.6.0-1-x86_64 downloading...
 tdb-1.4.15-1-x86_64 downloading...
 python-xapp-3.0.3-1-any downloading...
 xdotool-4.20260303.1-1-x86_64 downloading...
 geocode-glib-3.26.4-6-x86_64 downloading...
 libxklavier-5.4-7-x86_64 downloading...
 mkinitcpio-41-4-any downloading...
 libsigc++-2.12.2-1-x86_64 downloading...
 libgusb-0.4.9-2-x86_64 downloading...
 libcap-ng-0.9.3-1-x86_64 downloading...
 libcdio-paranoia-10.2+2.0.2-2-x86_64 downloading...
 serd-0.32.10-1-x86_64 downloading...
 lilv-0.28.0-1-x86_64 downloading...
 json-c-0.19-1-x86_64 downloading...
 ntfs-3g-2026.7.7-1-x86_64 downloading...
 jbig2dec-0.20-2-x86_64 downloading...
 mobile-broadband-provider-info-20251101-1-any downloading...
 libvdpau-1.5-4-x86_64 downloading...
 perl-timedate-2.35-1-any downloading...
 python-tinycss2-1.5.1-2-any downloading...
 libmd-1.2.0-1-x86_64 downloading...
 cinnamon-menus-6.6.0-1-x86_64 downloading...
 libdvdnav-7.0.0-1-x86_64 downloading...
 perl-mailtools-2.22-3-any downloading...
 bzip2-1.0.8-6-x86_64 downloading...
 libevdev-1.13.6-1-x86_64 downloading...
 woff2-1.0.2-6-x86_64 downloading...
 vte-common-0.84.1-1-x86_64 downloading...
 libmanette-0.2.13-2-x86_64 downloading...
 python-pyinotify-0.9.6-16-any downloading...
 vulkan-mesa-implicit-layers-1:26.1.6-1-x86_64 downloading...
 ijs-0.35-7-x86_64 downloading...
 libffi-3.7.1-1-x86_64 downloading...
 libsigc++-3.0-3.8.1-1-x86_64 downloading...
 libsysprof-capture-50.0-4-x86_64 downloading...
 libsynctex-2026.0-2-x86_64 downloading...
 python-pytz-2026.1-1-any downloading...
 libnetfilter_conntrack-1.1.1-1-x86_64 downloading...
 vid.stab-1.1.1-3-x86_64 downloading...
 libappindicator-12.10.1-1-x86_64 downloading...
 sbc-2.2-1-x86_64 downloading...
 pacman-contrib-1.13.1-1-x86_64 downloading...
 python-platformdirs-4.11.0-1-any downloading...
 libpaper-2.2.8-1-x86_64 downloading...
 nfsidmap-2.9.2-1-x86_64 downloading...
 libdbusmenu-gtk3-18.10.20180917-1-x86_64 downloading...
 libraw1394-2.1.2-4-x86_64 downloading...
 libsm-1.2.6-1-x86_64 downloading...
 xdg-desktop-portal-xapp-1.1.3-2-x86_64 downloading...
 libdecor-0.2.5-1-x86_64 downloading...
 zix-0.8.2-1-x86_64 downloading...
 linux-firmware-whence-20260622-1-any downloading...
 libblockdev-fs-3.5.0-2-x86_64 downloading...
 hidapi-0.15.0-1-x86_64 downloading...
 xf86-input-libinput-1.5.0-1-x86_64 downloading...
 libpipeline-1.5.8-1-x86_64 downloading...
 libnotify-0.8.8-1-x86_64 downloading...
 gsound-1.0.3-4-x86_64 downloading...
 gsm-1.0.24-1-x86_64 downloading...
 reflector-2023-5-any downloading...
 libraqm-0.11.0-1-x86_64 downloading...
 rpcbind-1.2.9-1-x86_64 downloading...
 xorg-xrandr-1.5.4-1-x86_64 downloading...
 libobjc-16.1.1+r595+g171d15ac6959-1-x86_64 downloading...
 libldac-2.0.2.6-1-x86_64 downloading...
 sord-0.16.22-1-x86_64 downloading...
 libimobiledevice-glue-1.3.2-1-x86_64 downloading...
 gobject-introspection-runtime-1.86.0-2-x86_64 downloading...
 libiec61883-1.2.0-9-x86_64 downloading...
 snappy-1.2.2-3-x86_64 downloading...
 libnautilus-extension-50.2.2-1-x86_64 downloading...
 libavc1394-0.5.4-7-x86_64 downloading...
 efibootmgr-18-4-x86_64 downloading...
 libspectre-0.2.12-2-x86_64 downloading...
 libatasmart-0.19-8-x86_64 downloading...
 mailcap-2.1.54-2-any downloading...
 python-ptyprocess-0.7.0-9-any downloading...
 libblockdev-crypto-3.5.0-2-x86_64 downloading...
 npth-1.8-1-x86_64 downloading...
 alsa-card-profiles-1:1.6.8-1-x86_64 downloading...
 libusbmuxd-2.1.1-2-x86_64 downloading...
 libunibreak-7.0-1-x86_64 downloading...
 xorg-server-common-21.1.24-1-x86_64 downloading...
 xdg-dbus-proxy-0.1.7-1-x86_64 downloading...
 libblockdev-nvme-3.5.0-2-x86_64 downloading...
 libbytesize-2.12-3-x86_64 downloading...
 libblockdev-smart-3.5.0-2-x86_64 downloading...
 python-autocommand-2.2.2-9-any downloading...
 xorg-xauth-1.1.5-1-x86_64 downloading...
 python-jaraco.collections-5.1.0-3-any downloading...
 xorg-xmodmap-1.0.12-1-x86_64 downloading...
 python-webencodings-0.5.1-13-any downloading...
 libnsl-2.0.1-2-x86_64 downloading...
 python-jaraco.text-4.0.0-4-any downloading...
 python-pam-2.0.2-6-any downloading...
 python-markupsafe-3.0.3-1-x86_64 downloading...
 perl-error-0.17030-3-any downloading...
 xorg-xrdb-1.2.3-1-x86_64 downloading...
 sratom-0.6.22-1-x86_64 downloading...
 libkeybinder3-0.3.2-5-x86_64 downloading...
 xorg-xset-1.2.6-1-x86_64 downloading...
 libndp-1.9-1-x86_64 downloading...
 libfreeaptx-0.2.2-1-x86_64 downloading...
 startup-notification-0.12-9-x86_64 downloading...
 libverto-0.3.2-6-x86_64 downloading...
 xorg-xinit-1.4.4-1-x86_64 downloading...
 python-jaraco.functools-4.1.0-3-any downloading...
 libbs2b-3.1.0-10-x86_64 downloading...
 hyphen-2.8.9-1-x86_64 downloading...
 libtatsu-1.0.5-1-x86_64 downloading...
 libebur128-1.2.6-2-x86_64 downloading...
 os-prober-1.84-1-x86_64 downloading...
 mkinitcpio-archiso-73-1-any downloading...
 libnfnetlink-1.0.2-2-x86_64 downloading...
 libasyncns-1:0.8+r3+g68cd5af-3-x86_64 downloading...
 libblockdev-part-3.5.0-2-x86_64 downloading...
 mtdev-1.1.7-1-x86_64 downloading...
 python-jaraco.context-6.1.2-1-any downloading...
 which-2.25-1-x86_64 downloading...
 libfontenc-1.1.9-1-x86_64 downloading...
 python-setproctitle-1.3.7-2-x86_64 downloading...
 filesystem-2025.10.12-1-any downloading...
 libblockdev-mdraid-3.5.0-2-x86_64 downloading...
 libxss-1.2.5-1-x86_64 downloading...
 libatomic-16.1.1+r595+g171d15ac6959-1-x86_64 downloading...
 xorg-setxkbmap-1.3.5-1-x86_64 downloading...
 alsa-topology-conf-1.2.5.1-4-any downloading...
 xcb-util-0.4.1-2-x86_64 downloading...
 libmnl-1.0.5-2-x86_64 downloading...
 ca-certificates-utils-20240618-1-any downloading...
 libxcvt-0.1.3-1-x86_64 downloading...
 python-certifi-2026.07.22-1-any downloading...
 libblockdev-loop-3.5.0-2-x86_64 downloading...
 libblockdev-swap-3.5.0-2-x86_64 downloading...
 harfbuzz-icu-14.3.0-1-x86_64 downloading...
 xcb-util-keysyms-0.4.1-5-x86_64 downloading...
 systemd-sysvcompat-261.2-1-x86_64 downloading...
 pacman-mirrorlist-20260610-1-any downloading...
 libmakepkg-dropins-20-1-any downloading...
 pipewire-alsa-1:1.6.8-1-x86_64 downloading...
 pambase-20260616-1-any downloading...
 gcc-libs-16.1.1+r595+g171d15ac6959-1-x86_64 downloading...
 linux-firmware-20260622-1-any downloading...
 dbus-broker-units-37-3-x86_64 downloading...
 base-3-3-any downloading...
 dbus-units-37-3-x86_64 downloading...
 ca-certificates-20240618-1-any downloading...
checking keyring...
checking package integrity...
loading package files...
checking for file conflicts...
:: Processing package changes...
installing iana-etc...
installing filesystem...
warning: /tmp/shobika_work/x86_64/airootfs/etc/shadow installed as /tmp/shobika_work/x86_64/airootfs/etc/shadow.pacnew
installing linux-api-headers...
installing tzdata...
Optional dependencies for tzdata
    bash: for tzselect [pending]
    glibc: for zdump, zic [pending]
installing glibc...
warning: /tmp/shobika_work/x86_64/airootfs/etc/locale.gen installed as /tmp/shobika_work/x86_64/airootfs/etc/locale.gen.pacnew
Optional dependencies for glibc
    gd: for memusagestat
    perl: for mtrace [pending]
installing libgcc...
installing libstdc++...
installing libasan...
installing libatomic...
installing libgfortran...
installing libgomp...
installing libhwasan...
installing liblsan...
installing libobjc...
installing libquadmath...
installing libtsan...
installing libubsan...
installing gcc-libs...
installing ncurses...
Optional dependencies for ncurses
    bash: for ncursesw6-config [pending]
installing readline...
installing bash...
Optional dependencies for bash
    bash-completion: for tab completion [pending]
installing acl...
installing attr...
installing gmp...
installing zlib...
installing sqlite...
installing util-linux-libs...
Optional dependencies for util-linux-libs
    python: python bindings to libmount [pending]
installing e2fsprogs...
Optional dependencies for e2fsprogs
    lvm2: for e2scrub
    util-linux: for e2scrub [pending]
    smtp-forwarder: for e2scrub_fail script
installing keyutils...
installing gdbm...
installing brotli...
installing xz...
installing lz4...
installing zstd...
installing openssl...
Optional dependencies for openssl
    ca-certificates [pending]
    perl [pending]
installing libsasl...
installing libldap...
installing libevent...
Optional dependencies for libevent
    python: event_rpcgen.py [pending]
installing libverto...
installing lmdb...
installing krb5...
installing libcap-ng...
installing audit...
Optional dependencies for audit
    audispd-plugins: for audit event dispatcher plugins
    audispd-plugins-zos: for z/OS audit event dispatcher plugin
installing libxcrypt...
installing libtirpc...
installing libnsl...
installing pambase...
installing libgpg-error...
installing libgcrypt...
installing systemd-libs...
installing pam...
installing libcap...
installing coreutils...
installing bzip2...
installing libseccomp...
installing file...
installing findutils...
installing mpfr...
installing gawk...
installing pcre2...
Optional dependencies for pcre2
    sh: for pcre2-config [installed]
installing grep...
installing procps-ng...
installing sed...
installing tar...
installing libtasn1...
installing libffi...
installing libp11-kit...
installing p11-kit...
installing ca-certificates-utils...
installing ca-certificates-mozilla...
installing ca-certificates...
installing libunistring...
installing libidn2...
installing libnghttp2...
installing libnghttp3...
installing nettle...
installing leancrypto...
installing gnutls...
Optional dependencies for gnutls
    tpm2-tss: support for TPM2 wrapped keys [pending]
installing libngtcp2...
installing libpsl...
installing libssh2...
installing curl...
installing json-c...
installing gnulib-l10n...
installing icu...
installing libxml2...
Optional dependencies for libxml2
    python: Python bindings [pending]
installing gettext...
Optional dependencies for gettext
    git: for autopoint infrastructure updates [pending]
    appstream: for appstream support [pending]
installing hwdata...
installing kmod...
installing pciutils...
Optional dependencies for pciutils
    which: for update-pciids [pending]
    grep: for update-pciids [installed]
    curl: for update-pciids [installed]
installing psmisc...
installing shadow...
installing util-linux...
Optional dependencies for util-linux
    words: default dictionary for look
installing gzip...
Optional dependencies for gzip
    less: zless support [pending]
    util-linux: zmore support [installed]
    diffutils: zdiff/zcmp support [pending]
installing licenses...
installing libksba...
installing libusb...
installing libassuan...
installing libsysprof-capture...
installing glib2...
Optional dependencies for glib2
    dconf: GSettings storage backend [pending]
    glib2-devel: development tools
    gvfs: most gio functionality [pending]
installing tpm2-tss...
installing libsecret...
Optional dependencies for libsecret
    org.freedesktop.secrets: secret storage backend
installing pinentry...
Optional dependencies for pinentry
    gcr: GNOME backend [pending]
    gtk3: GTK backend [pending]
    kguiaddons: Qt6 backend
    kwindowsystem: Qt6 backend
installing npth...
installing gnupg...
Optional dependencies for gnupg
    pcsclite: for using scdaemon not with the gnupg internal card driver [pending]
installing gpgme...
installing libarchive...
installing pacman-mirrorlist...
installing device-mapper...
installing popt...
installing cryptsetup...
installing expat...
installing dbus...
installing dbus-broker...
installing dbus-broker-units...
installing dbus-units...
installing kbd...
installing libelf...
installing systemd...
Initializing machine ID from random generator.
Creating group 'sys' with GID 3.
Creating group 'mem' with GID 8.
Creating group 'ftp' with GID 11.
Creating group 'mail' with GID 12.
Creating group 'log' with GID 19.
Creating group 'smmsp' with GID 25.
Creating group 'proc' with GID 26.
Creating group 'games' with GID 50.
Creating group 'lock' with GID 54.
Creating group 'network' with GID 90.
Creating group 'floppy' with GID 94.
Creating group 'scanner' with GID 96.
Creating group 'power' with GID 98.
Creating group 'nobody' with GID 65534.
Creating group 'adm' with GID 999.
Creating group 'wheel' with GID 998.
Creating group 'empower' with GID 997.
Creating group 'utmp' with GID 996.
Creating group 'audio' with GID 995.
Creating group 'clock' with GID 994.
Creating group 'disk' with GID 993.
Creating group 'input' with GID 992.
Creating group 'kmem' with GID 991.
Creating group 'kvm' with GID 990.
Creating group 'lp' with GID 989.
Creating group 'optical' with GID 988.
Creating group 'render' with GID 987.
Creating group 'sgx' with GID 986.
Creating group 'storage' with GID 985.
Creating group 'tty' with GID 5.
Creating group 'uucp' with GID 984.
Creating group 'video' with GID 983.
Creating group 'users' with GID 982.
Creating group 'systemd-journal' with GID 981.
Creating group 'rfkill' with GID 980.
Creating group 'bin' with GID 1.
Creating user 'bin' (n/a) with UID 1 and GID 1.
Creating group 'daemon' with GID 2.
Creating user 'daemon' (n/a) with UID 2 and GID 2.
Creating user 'mail' (n/a) with UID 8 and GID 12.
Creating user 'ftp' (n/a) with UID 14 and GID 11.
Creating group 'http' with GID 33.
Creating user 'http' (n/a) with UID 33 and GID 33.
Creating user 'nobody' (Kernel Overflow User) with UID 65534 and GID 65534.
Creating group 'dbus' with GID 81.
Creating user 'dbus' (System Message Bus) with UID 81 and GID 81.
Creating group 'systemd-coredump' with GID 979.
Creating user 'systemd-coredump' (systemd Core Dumper) with UID 979 and GID 979.
Creating group 'systemd-imds' with GID 978.
Creating user 'systemd-imds' (systemd Instance Metadata) with UID 978 and GID 978.
Creating group 'systemd-network' with GID 977.
Creating user 'systemd-network' (systemd Network Management) with UID 977 and GID 977.
Creating group 'systemd-oom' with GID 976.
Creating user 'systemd-oom' (systemd Userspace OOM Killer) with UID 976 and GID 976.
Creating group 'systemd-journal-remote' with GID 975.
Creating user 'systemd-journal-remote' (systemd Journal Remote) with UID 975 and GID 975.
Creating group 'systemd-resolve' with GID 974.
Creating user 'systemd-resolve' (systemd Resolver) with UID 974 and GID 974.
Creating group 'systemd-timesync' with GID 973.
Creating user 'systemd-timesync' (systemd Time Synchronization) with UID 973 and GID 973.
Creating group 'tss' with GID 972.
Creating user 'tss' (tss user for tpm2) with UID 972 and GID 972.
Creating group 'uuidd' with GID 971.
Creating user 'uuidd' (UUID generator helper daemon) with UID 971 and GID 971.
Created symlink '/etc/systemd/system/autovt@.service' → '/usr/lib/systemd/system/getty@.service'.
Created symlink '/etc/systemd/system/getty.target.wants/getty@tty1.service' → '/usr/lib/systemd/system/getty@.service'.
Created symlink '/etc/systemd/system/multi-user.target.wants/remote-fs.target' → '/usr/lib/systemd/system/remote-fs.target'.
Created symlink '/etc/systemd/system/sockets.target.wants/systemd-userdbd.socket' → '/usr/lib/systemd/system/systemd-userdbd.socket'.
Optional dependencies for systemd
    apparmor: additional security features
    curl: systemd-journal-upload, machinectl pull-tar and pull-raw [installed]
    gnutls: systemd-journal-gatewayd and systemd-journal-remote [installed]
    iptables: firewall features [pending]
    libarchive: convert DDIs to tarballs [installed]
    libbpf: support BPF programs [pending]
    libfido2: unlocking LUKS2 volumes with FIDO2 token
    libmicrohttpd: systemd-journal-gatewayd and systemd-journal-remote
    libp11-kit: support PKCS#11 [installed]
    libpwquality: check password quality
    polkit: allow administration as unprivileged user [pending]
    qemu-base: systemd-vmspawn
    qrencode: show QR codes
    quota-tools: kernel-level quota management
    systemd-sysvcompat: symlink package to provide sysvinit binaries [pending]
    systemd-ukify: combine kernel and initrd into a signed Unified Kernel Image
    tpm2-tss: unlocking LUKS2 volumes with TPM2 [installed]
installing jansson...
installing binutils...
Optional dependencies for binutils
    debuginfod: for debuginfod server/client functionality
    perl: for gprofng-display-html [pending]
installing libmakepkg-dropins...
installing pacman...
Optional dependencies for pacman
    base-devel: required to use makepkg
    perl-locale-gettext: translation support in makepkg-template
installing archlinux-keyring...
installing systemd-sysvcompat...
installing iputils...
installing libmnl...
installing libnfnetlink...
installing libnetfilter_conntrack...
installing libnftnl...
installing libnl...
installing libpcap...
installing nftables...
Optional dependencies for nftables
    python: Python bindings [pending]
    python-jsonschema: Python bindings
installing iptables...
installing libbpf...
installing iproute2...
Optional dependencies for iproute2
    db: userspace arp daemon
    linux-atm: ATM support
    python: for routel [pending]
installing base...
Optional dependencies for base
    linux: bare metal support [pending]
installing mkinitcpio-busybox...
installing diffutils...
installing mkinitcpio...
Optional dependencies for mkinitcpio
    xz: Use lzma or xz compression for the initramfs image [installed]
    bzip2: Use bzip2 compression for the initramfs image [installed]
    lzop: Use lzo compression for the initramfs image
    lz4: Use lz4 compression for the initramfs image [installed]
    mkinitcpio-nfs-utils: Support for root filesystem on NFS
    systemd-ukify: alternative UKI generator
installing linux...
Optional dependencies for linux
    linux-headers: headers and scripts for building modules [pending]
    linux-firmware: firmware images needed for some devices [pending]
    scx-scheds: to use sched-ext schedulers
    wireless-regdb: to set the correct wireless channels of your country
installing linux-firmware-whence...
installing linux-firmware-amdgpu...
installing linux-firmware-atheros...
installing linux-firmware-broadcom...
installing linux-firmware-cirrus...
installing linux-firmware-intel...
installing linux-firmware-mediatek...
installing linux-firmware-nvidia...
installing linux-firmware-other...
installing linux-firmware-radeon...
installing linux-firmware-realtek...
installing linux-firmware...
Optional dependencies for linux-firmware
    linux-firmware-liquidio: Firmware for Cavium LiquidIO server adapters
    linux-firmware-marvell: Firmware for Marvell devices
    linux-firmware-mellanox: Firmware for Mellanox Spectrum switches
    linux-firmware-nfp: Firmware for Netronome Flow Processors
    linux-firmware-qcom: Firmware for Qualcomm SoCs
    linux-firmware-qlogic: Firmware for QLogic devices
installing pahole...
Optional dependencies for pahole
    ostra-cg: Generate call graphs from encoded traces
installing xxhash...
installing linux-headers...
installing libisl...
installing libmpc...
installing gcc...
Optional dependencies for gcc
    lib32-gcc-libs: for generating code for 32-bit ABI
installing gc...
installing guile...
installing make...
installing patch...
Optional dependencies for patch
    ed: for patch -e functionality
installing pkgconf...
installing db5.3...
installing perl...
installing perl-error...
installing perl-timedate...
installing perl-mailtools...
installing zlib-ng...
installing git...
Optional dependencies for git
    git-zsh-completion: upstream zsh completion
    tk: gitk and git gui
    openssh: ssh transport and crypto [pending]
    man: show help with `git command --help` [pending]
    perl-libwww: git svn
    perl-term-readkey: git svn and interactive.singlekey setting
    perl-io-socket-ssl: git send-email TLS support
    perl-authen-sasl: git send-email TLS support
    perl-cgi: gitweb (web interface) support
    python: git svn & git p4 [pending]
    subversion: git svn
    org.freedesktop.secrets: keyring credential helper
    libsecret: libsecret credential helper [installed]
    less: the default pager for git [pending]
installing sudo...
warning: directory permissions differ on /tmp/shobika_work/x86_64/airootfs/etc/sudoers.d/
filesystem: 755  package: 750
installing which...
installing nano...
installing vim-runtime...
Optional dependencies for vim-runtime
    sh: support for some tools and macros [installed]
    python: demoserver example tool [pending]
    gawk: mve tools support [installed]
installing gpm...
installing vim...
Optional dependencies for vim
    python: Python language support [pending]
    ruby: Ruby language support
    lua: Lua language support [pending]
    perl: Perl language support [installed]
    tcl: Tcl language support
installing mkinitcpio-archiso...
Optional dependencies for mkinitcpio-archiso
    curl: for PXE over HTTP [installed]
    gnupg: for PGP signature verification of rootfs over PXE [installed]
    mkinitcpio-nfs-utils: for PXE over NFS
    nbd: for PXE over NBD
    openssl: for CMS signature verification of rootfs over PXE [installed]
    pv: for status display during copy to RAM
installing syslinux...
 => For setting up Syslinux EFI follow
    https://wiki.archlinux.org/index.php/Syslinux#UEFI_Systems
 => The syslinux-install_update script does not currently support EFI install
Optional dependencies for syslinux
    perl-crypt-passwdmd5: For md5pass
    perl-digest-sha1: For sha1pass
    mtools: For mkdiskimage and syslinux support
    gptfdisk: For GPT support
    util-linux: For isohybrid [installed]
    efibootmgr: For EFI support [pending]
    dosfstools: For EFI support [pending]
installing intel-ucode...
installing amd-ucode...
installing grub...
:: Install your bootloader and generate configuration with:
     # grub-install ...
     # grub-mkconfig -o /boot/grub/grub.cfg
Optional dependencies for grub
    dosfstools: For grub-mkrescue FAT FS and EFI support [pending]
    efibootmgr: For grub-install EFI support [pending]
    freetype2: For grub-mkfont usage [pending]
    fuse3: For grub-mount usage [pending]
    libisoburn: Provides xorriso for generating grub rescue iso using grub-mkrescue
    libusb: For grub-emu USB support [installed]
    lzop: For grub-mkrescue LZO support
    mtools: For grub-mkrescue FAT FS support
    os-prober: To detect other OSes when generating grub.cfg in BIOS systems [pending]
    sdl: For grub-emu SDL support
installing efivar...
installing efibootmgr...
installing os-prober...
installing lzo...
installing btrfs-progs...
Optional dependencies for btrfs-progs
    python: libbtrfsutil python bindings [pending]
    e2fsprogs: btrfs-convert [installed]
installing dosfstools...
installing fuse-common...
installing fuse2...
installing libntfs-3g...
installing ntfs-3g...
Optional dependencies for ntfs-3g
    ntfsprogs: userspace utilities
installing squashfs-tools...
installing adwaita-fonts...
installing hicolor-icon-theme...
installing adwaita-icon-theme-legacy...
installing adwaita-cursors...
installing adwaita-icon-theme...
installing dconf...
installing gsettings-system-schemas...
installing gsettings-desktop-schemas...
installing xcb-proto...
installing xorgproto...
installing libxdmcp...
installing libxau...
installing libxcb...
installing libx11...
installing libxext...
installing libxfixes...
installing libxi...
installing libxtst...
installing xorg-xprop...
installing at-spi2-core...
installing libpng...
installing freetype2...
Optional dependencies for freetype2
    harfbuzz: Improved autohinting [pending]
installing fontconfig...
Creating fontconfig configuration...
Rebuilding fontconfig cache...
installing libxrender...
installing pixman...
installing cairo...
installing desktop-file-utils...
installing fribidi...
installing bubblewrap...
installing libjpeg-turbo...
installing jbigkit...
installing libdeflate...
installing libwebp...
Optional dependencies for libwebp
    libwebp-utils: WebP conversion and inspection tools
installing libtiff...
Optional dependencies for libtiff
    freeglut: for using tiffgt
installing lcms2...
installing giflib...
installing libunwind...
installing gperftools...
installing gtest...
Optional dependencies for gtest
    python: gmock generator [pending]
installing highway...
installing libjxl...
Optional dependencies for libjxl
    java-runtime: for JNI bindings
installing dav1d...
Optional dependencies for dav1d
    dav1d-doc: HTML documentation
installing graphite...
Optional dependencies for graphite
    graphite-docs: Documentation
installing harfbuzz...
Optional dependencies for harfbuzz
    harfbuzz-utils: utilities
installing libdatrie...
installing libthai...
installing libxft...
installing pango...
installing librsvg...
installing glycin...
Optional dependencies for glycin
    libheif: Load .avif, .heic and .heif
installing shared-mime-info...
installing gdk-pixbuf2...
Optional dependencies for gdk-pixbuf2
    libheif: Load .avif, .heic and .heif
    libopenraw: Load .arw, .cr2, .crw, .dng, .erf, .mrw, .nef, .orf, .pef and .raf
    libwmf: Load .apm and .wmf
installing graphene...
installing gstreamer...
Optional dependencies for gstreamer
    python: gst-plugins-doc-cache-generator [pending]
installing iso-codes...
installing libpciaccess...
installing libdrm...
Optional dependencies for libdrm
    cairo: needed for modetest tool [installed]
installing libxshmfence...
installing libxxf86vm...
installing libedit...
installing llvm-libs...
installing lm_sensors...
Optional dependencies for lm_sensors
    rrdtool: for logging with sensord
    perl: for sensor detection and configuration convert [installed]
installing spirv-tools...
installing default-cursors...
Optional dependencies for default-cursors
    adwaita-cursors: default cursor theme [installed]
installing wayland...
installing mesa...
Optional dependencies for mesa
    opengl-man-pages: for the OpenGL API man pages
installing libglvnd...
installing libgudev...
installing libxv...
installing orc...
installing gst-plugins-base-libs...
installing duktape...
installing libproxy...
installing glib-networking...
installing libsoup3...
Optional dependencies for libsoup3
    samba: Windows Domain SSO
installing gssdp...
Optional dependencies for gssdp
    gtk4: gssdp-device-sniffer [pending]
installing gupnp...
Optional dependencies for gupnp
    python: gupnp-binding-tool [pending]
installing gupnp-igd...
installing libnice...
Optional dependencies for libnice
    gstreamer: "nice" GStreamer plugin [installed]
installing libva...
Optional dependencies for libva
    intel-media-driver: backend for Intel GPUs (>= Broadwell)
    libva-intel-driver: backend for Intel GPUs (<= Haswell)
    libva-mesa-driver: backend for AMD and NVIDIA GPUs [installed]
installing xkeyboard-config...
installing libxkbcommon...
Optional dependencies for libxkbcommon
    libxkbcommon-x11: xkbcli interactive-x11 [pending]
    wayland: xkbcli interactive-wayland [installed]
installing libxkbcommon-x11...
installing vulkan-icd-loader...
Optional dependencies for vulkan-icd-loader
    vulkan-driver: packaged vulkan driver [pending]
installing vmaf...
installing gst-plugins-bad-libs...
installing gtk-update-icon-cache...
installing libcloudproviders...
installing libcolord...
installing libdaemon...
installing avahi...
Optional dependencies for avahi
    gtk3: avahi-discover, avahi-discover-standalone, bshell, bssh, bvnc [pending]
    libevent: libevent bindings [installed]
    nss-mdns: NSS support for mDNS
    python-dbus: avahi-bookmarks, avahi-discover
    python-gobject: avahi-bookmarks, avahi-discover [pending]
    python-twisted: avahi-bookmarks
installing libcups...
installing libepoxy...
installing libxcursor...
installing libxdamage...
installing libxinerama...
installing libxrandr...
installing json-glib...
installing libstemmer...
installing tinysparql...
installing libxcomposite...
installing gtk3...
Optional dependencies for gtk3
    evince: Default print preview command [pending]
installing fuse3...
installing libpipewire...
installing pipewire...
Created symlink '/etc/systemd/user/sockets.target.wants/pipewire.socket' → '/usr/lib/systemd/user/pipewire.socket'.
Optional dependencies for pipewire
    gst-plugin-pipewire: GStreamer plugin
    pipewire-alsa: ALSA configuration [pending]
    pipewire-audio: Audio support [pending]
    pipewire-docs: Documentation
    pipewire-ffado: FireWire support
    pipewire-jack-client: PipeWire as JACK client
    pipewire-jack: JACK replacement
    pipewire-libcamera: Libcamera support
    pipewire-onnx: ONNX filter support
    pipewire-pulse: PulseAudio replacement [pending]
    pipewire-roc: ROC streaming
    pipewire-session-manager: Session manager [pending]
    pipewire-v4l2: V4L2 interceptor
    pipewire-x11-bell: X11 bell
    pipewire-zeroconf: Zeroconf support
    realtime-privileges: realtime privileges with rt module
    rtkit: realtime privileges with rtkit module
installing xdg-desktop-portal...
Optional dependencies for xdg-desktop-portal
    gamemode: GameMode portal
    geoclue: Location portal
    rtkit: Realtime portal
    xdg-desktop-portal-impl: Portal backends [pending]
installing xdg-desktop-portal-gtk...
Optional dependencies for xdg-desktop-portal-gtk
    evince: Print preview [pending]
installing gtk4...
Optional dependencies for gtk4
    evince: Default print preview command [pending]
installing hwloc...
Optional dependencies for hwloc
    cairo: PDF, Postscript, and PNG export support [installed]
    libxml2: full XML import/export support [installed]
installing onetbb...
Optional dependencies for onetbb
    python: for Python module [pending]
installing libblake3...
installing libfyaml...
installing libxmlb...
installing appstream...
installing libadwaita...
installing libgirepository...
installing gobject-introspection-runtime...
installing mpdecimal...
installing python...
Optional dependencies for python
    python-setuptools: for building Python packages using tooling that is usually bundled with Python [pending]
    python-pip: for installing Python packages using tooling that is usually bundled with Python
    python-pipx: for installing Python software not packaged on Arch Linux
    sqlite: for a default database integration [installed]
    xz: for lzma [installed]
    tk: for tkinter
installing python-markupsafe...
installing python-mako...
Optional dependencies for python-mako
    python-babel: for i18n features
    python-beaker: for caching support
    python-dogpile.cache: for caching support
    python-pygments: for syntax highlighting
    python-pytest: for testing utilities
installing python-markdown...
Optional dependencies for python-markdown
    python-yaml: parse Python in YAML metadata
    python-pygments: Code highlighting
installing python-more-itertools...
installing python-jaraco.functools...
installing python-jaraco.context...
installing python-autocommand...
installing python-jaraco.text...
Optional dependencies for python-jaraco.text
    python-inflect: for show-newlines script
installing python-jaraco.collections...
installing python-packaging...
installing python-platformdirs...
installing python-wheel...
Optional dependencies for python-wheel
    python-keyring: for wheel.signatures
    python-xdg: for wheel.signatures
    python-setuptools: for legacy bdist_wheel subcommand [pending]
installing python-setuptools...
installing gobject-introspection...
installing libxkbfile...
installing xorg-xkbcomp...
installing libxklavier...
installing polkit...
installing xorg-fonts-encodings...
installing libfontenc...
installing libxfont2...
installing xorg-setxkbmap...
installing xorg-server-common...
installing libevdev...
installing libwacom...
Optional dependencies for libwacom
    python-libevdev: for libwacom-show-stylus
    python-pyudev: for libwacom-show-stylus
installing lua54...
installing mtdev...
installing libinput...
Optional dependencies for libinput
    libinput-tools: debug utilities
installing xf86-input-libinput...
installing libxcvt...
installing xorg-server...
>>> xorg-server has now the ability to run without root rights with
    the help of systemd-logind. xserver will fail to run if not launched
    from the same virtual terminal as was used to log in.
    Without root rights, log files will be in ~/.local/share/xorg/ directory.

    Old behavior can be restored through Xorg.wrap config file.
    See Xorg.wrap man page (man xorg.wrap).
installing xorg-xmodmap...
installing libice...
installing libsm...
installing libxt...
installing libxmu...
installing xorg-xrdb...
Optional dependencies for xorg-xrdb
    gcc: for preprocessing [installed]
    mcpp: a lightweight alternative for preprocessing
installing lightdm...
warning: /tmp/shobika_work/x86_64/airootfs/etc/lightdm/lightdm.conf installed as /tmp/shobika_work/x86_64/airootfs/etc/lightdm/lightdm.conf.pacnew
Optional dependencies for lightdm
    accountsservice: Enhanced user accounts handling [pending]
    lightdm-gtk-greeter: GTK greeter [pending]
    xorg-server-xephyr: LightDM test mode
installing lightdm-gtk-greeter...
warning: /tmp/shobika_work/x86_64/airootfs/etc/lightdm/lightdm-gtk-greeter.conf installed as /tmp/shobika_work/x86_64/airootfs/etc/lightdm/lightdm-gtk-greeter.conf.pacnew
installing xorg-xauth...
installing xorg-xinit...
Optional dependencies for xorg-xinit
    xorg-twm
    xterm
installing xorg-xrandr...
installing xorg-xset...
installing libdisplay-info...
installing vulkan-mesa-implicit-layers...
installing xcb-util-keysyms...
installing vulkan-intel...
Optional dependencies for vulkan-intel
    vulkan-mesa-layers: additional vulkan layers
installing vulkan-radeon...
Optional dependencies for vulkan-radeon
    vulkan-mesa-layers: additional vulkan layers
installing accountsservice...
installing libasyncns...
installing libogg...
installing flac...
installing alsa-topology-conf...
installing alsa-ucm-conf...
installing alsa-lib...
installing mpg123...
Optional dependencies for mpg123
    sdl2: for sdl audio support [pending]
    jack: for jack audio support [pending]
    libpulse: for pulse audio support [pending]
    perl: for conplay [installed]
installing lame...
installing libvorbis...
installing opus...
installing libsndfile...
Optional dependencies for libsndfile
    alsa-lib: for sndfile-play [installed]
installing libpulse...
Optional dependencies for libpulse
    pulse-native-provider: PulseAudio backend [pending]
installing cinnamon-desktop...
installing libtool...
installing tdb...
Optional dependencies for tdb
    python: for python bindings [installed]
installing sound-theme-freedesktop...
installing libcanberra...
Optional dependencies for libcanberra
    gtk3: canberra-gtk-play [installed]
installing libnotify...
installing nspr...
installing nss...
installing alsa-card-profiles...
installing bluez-libs...
installing fftw...
Optional dependencies for fftw
    fftw-openmpi: for OpenMPI integration
installing libebur128...
installing libfdk-aac...
installing libfreeaptx...
installing liblc3...
Optional dependencies for liblc3
    python: Python bindings [installed]
installing libldac...
installing libmysofa...
installing serd...
Optional dependencies for serd
    serd-docs: for developer documentation
installing zix...
Optional dependencies for zix
    zix-docs: for developer documentation
installing sord...
Optional dependencies for sord
    sord-docs: for developer documentation
installing lv2...
Optional dependencies for lv2
    lv2-docs: for developer documentation
    lv2-example-plugins: for example plugins
    python-lxml: for lv2specgen.py
    python-markdown: for lv2specgen.py [installed]
    python-pygments: for lv2specgen.py
    python-rdflib: for lv2specgen.py
    sord: for lv2_validate [installed]
installing sratom...
Optional dependencies for sratom
    sratom-docs: for developer documentation
installing lilv...
Optional dependencies for lilv
    lilv-docs: for documentation
    lilv-tools: for CLI tools
    python-lilv: for Python bindings
installing sbc...
installing spandsp...
installing abseil-cpp...
installing webrtc-audio-processing-1...
installing pipewire-audio...
installing libwireplumber...
installing lua...
installing wireplumber...
Created symlink '/etc/systemd/user/pipewire-session-manager.service' → '/usr/lib/systemd/user/wireplumber.service'.
Created symlink '/etc/systemd/user/pipewire.service.wants/wireplumber.service' → '/usr/lib/systemd/user/wireplumber.service'.
Optional dependencies for wireplumber
    wireplumber-docs: Documentation
installing pipewire-pulse...
Created symlink '/etc/systemd/user/sockets.target.wants/pipewire-pulse.socket' → '/usr/lib/systemd/user/pipewire-pulse.socket'.
installing libplist...
Optional dependencies for libplist
    python: Python bindings [installed]
installing libimobiledevice-glue...
installing libtatsu...
installing libusbmuxd...
installing libimobiledevice...
Optional dependencies for libimobiledevice
    python: Python bindings [installed]
installing upower...
Optional dependencies for upower
    usbmuxd: Read charge status of iOS devices
installing cinnamon-settings-daemon...
Optional dependencies for cinnamon-settings-daemon
    cinnamon-translations: i18n [pending]
installing libgusb...
installing colord...
Optional dependencies for colord
    argyllcms: color profiling
    colord-sane: SANE support
installing gnome-color-manager...
installing libmm-glib...
installing libnm...
installing openssh...
Optional dependencies for openssh
    libfido2: FIDO/U2F support
    sh: for ssh-copy-id and findssl.sh [installed]
    x11-ssh-askpass: input passphrase in X
    xorg-xauth: X11 forwarding [installed]
installing gcr-4...
Optional dependencies for gcr-4
    gtk4: gcr-viewer-gtk4 [installed]
installing mobile-broadband-provider-info...
installing libnma-common...
installing libnma...
installing nm-connection-editor...
installing cinnamon-control-center...
Optional dependencies for cinnamon-control-center
    cinnamon-translations: i18n [pending]
installing cinnamon-menus...
installing python-cairo...
installing python-gobject...
Optional dependencies for python-gobject
    python-cairo: Cairo bindings [installed]
installing python-setproctitle...
installing python-psutil...
installing libdbusmenu-glib...
installing libdbusmenu-gtk3...
installing libgnomekbd...
installing xapp-symbolic-icons...
Optional dependencies for xapp-symbolic-icons
    python: for xsi-replace-adwaita-symbolic command [installed]
installing xapp...
installing python-xapp...
installing xdotool...
installing cinnamon-screensaver...
Optional dependencies for cinnamon-screensaver
    cinnamon-translations: i18n [pending]
installing cinnamon-session...
Optional dependencies for cinnamon-session
    cinnamon-translations: i18n [pending]
installing cinnamon-translations...
installing js128...
installing cjs...
installing libgoa...
installing geocode-glib...
installing gweather-locations...
installing libgweather-4...
installing libical...
installing protobuf...
installing libphonenumber...
installing enchant...
Optional dependencies for enchant
    aspell: for aspell based spell checking support
    hspell: for hspell based spell checking support
    hunspell: for hunspell based spell checking support
    libvoikko: for libvoikko based spell checking support
    nuspell: for nuspell based spell checking support
installing harfbuzz-icu...
installing hyphen...
installing aom...
installing libyuv...
installing rav1e...
installing svt-av1...
installing libavif...
installing hidapi...
Optional dependencies for hidapi
    libusb: for hidapi-libusb [installed]
installing libmanette...
installing libxslt...
Optional dependencies for libxslt
    python: Python bindings [installed]
installing openjpeg2...
installing noto-fonts...
Optional dependencies for noto-fonts
    noto-fonts-cjk: CJK characters [pending]
    noto-fonts-emoji: Emoji characters [pending]
    noto-fonts-extra: additional variants (condensed, semi-bold, extra-light)
installing woff2...
installing xdg-dbus-proxy...
installing webkit2gtk-4.1...
Optional dependencies for webkit2gtk-4.1
    geoclue: Geolocation support
    gst-libav: nonfree media decoding
    gst-plugins-bad: media decoding
    gst-plugins-good: media decoding
installing evolution-data-server...
installing gcr...
installing gnome-backgrounds...
installing gnome-themes-extra...
installing gsound...
installing libibus...
Optional dependencies for libibus
    python-gobject: for Python integration [installed]
installing libkeybinder3...
Optional dependencies for libkeybinder3
    lua-lgi: lua bindings
installing xcb-util...
installing startup-notification...
installing libei...
installing libdecor...
Optional dependencies for libdecor
    gtk3: gtk3 support [installed]
installing xorg-xwayland...
installing zenity...
installing muffin...
installing exempi...
installing libbluray...
Optional dependencies for libbluray
    java-runtime: BD-J library
installing libcdio...
installing libcdio-paranoia...
installing libblockdev...
Optional dependencies for libblockdev
    libblockdev-btrfs: for BTRFS support
    libblockdev-crypto: for crypto support [pending]
    libblockdev-dm: for device-mapper support
    libblockdev-fs: for filesystem support [pending]
    libblockdev-loop: for loop device support [pending]
    libblockdev-lvm: for LVM support
    libblockdev-mdraid: for MDRAID support [pending]
    libblockdev-mpath: for multipath support
    libblockdev-nvdimm: for NVDIMM support
    libblockdev-nvme: for NVME support [pending]
    libblockdev-part: for partitioning support [pending]
    libblockdev-smart: for S.M.A.R.T. support [pending]
    libblockdev-swap: for swap support [pending]
    python-libblockdev: for Python support
installing volume_key...
Optional dependencies for volume_key
    python-volume_key: for Python bindings
installing libblockdev-crypto...
installing libbytesize...
Optional dependencies for libbytesize
    python: for Python bindings and for the bscalc command [installed]
installing parted...
installing libblockdev-fs...
Optional dependencies for libblockdev-fs
    btrfs-progs: for BTRFS filesystem support [installed]
    dosfstools: for VFAT filesystem support [installed]
    exfatprogs: for exFAT filesystem support
    f2fs-tools: for F2FS filesystem support
    nilfs-utils: for nilfs filesystem support
    ntfsprogs: for NTFS filesystem support
    udftools: for UDF filesystem support
    xfsprogs: for XFS filesystem support
installing mdadm...
Optional dependencies for mdadm
    bash: mdcheck [installed]
installing libblockdev-mdraid...
installing libblockdev-loop...
installing liburing...
installing libnvme...
installing libblockdev-nvme...
installing libblockdev-part...
installing libatasmart...
installing libblockdev-smart...
Optional dependencies for libblockdev-smart
    smartmontools: for experimental smartmontools-based plugin
installing libblockdev-swap...
installing udisks2...
Optional dependencies for udisks2
    udisks2-btrfs: for BTRFS module
    udisks2-lvm2: for LVM2 module
    udisks2-docs: API documentation
    btrfs-progs: for BTRFS support in libblockdev-fs [installed]
    dosfstools: for FAT support in libblockdev-fs [installed]
    exfatprogs: for exFAT support in libblockdev-fs
    e2fsprogs: for Ext2/3/4 support in libblockdev-fs [installed]
    f2fs-tools: for F2FS support in libblockdev-fs
    less: for default pager of the udisksctl dump command [pending]
    nilfs-utils: for NILFS support in libblockdev-fs
    udftools: for UDF support in libblockdev-fs
    xfsprogs: for XFS support in libblockdev-fs
installing gvfs...
Optional dependencies for gvfs
    gvfs-afc: AFC support (Apple mobile devices)
    gvfs-dnssd: DNS-SD and WebDAV support (macOS file sharing)
    gvfs-goa: Gnome Online Accounts support (e.g. OwnCloud)
    gvfs-gphoto2: gphoto2 support (PTP camera, MTP media player)
    gvfs-mtp: MTP support (Android, media player)
    gvfs-nfs: NFS support
    gvfs-onedrive: Microsoft OneDrive support
    gvfs-smb: SMB/CIFS support (Windows file sharing)
    gvfs-wsdd: Web Services Dynamic Discovery support (Windows discovery)
installing libexif...
installing nemo...
Optional dependencies for nemo
    catdoc: search helpers support for legacy MS Word files
    cinnamon-translations: i18n [installed]
    ffmpegthumbnailer: support for video thumbnails
    ghostscript: search helpers support for PostScript files [pending]
    libgsf: search helpers support for MS Office files
    libreoffice: search helpers support for legacy MS PowerPoint files
    poppler: search helpers support for PDF files [pending]
    python-xlrd: search helpers support for legacy MS Excel files
installing libappindicator...
installing libndp...
installing pcre...
installing slang...
installing libnewt...
Optional dependencies for libnewt
    python: libnewt support with the _snack module [installed]
    tcl: whiptcl support
installing libsodium...
installing libpgm...
installing zeromq...
Optional dependencies for zeromq
    cppzmq: C++ binding for libzmq
installing libteam...
installing pcsclite...
Optional dependencies for pcsclite
    python: API call trace logging with the pcsc-spy [installed]
    ccid: USB Chip/Smart Card Interface Devices driver
installing wpa_supplicant...
installing networkmanager...
Optional dependencies for networkmanager
    bluez: Bluetooth support
    dhcpcd: alternative DHCP client
    dnsmasq: connection sharing
    firewalld: firewall support
    iptables: connection sharing [installed]
    iwd: wpa_supplicant alternative [pending]
    libnvme: NBFT support [installed]
    modemmanager: cellular network support
    nftables: connection sharing [installed]
    openresolv: alternative resolv.conf manager
    pacrunner: PAC proxy support
    polkit: let non-root users control networking [installed]
    ppp: dialup connection support
installing network-manager-applet...
installing papirus-icon-theme...
installing python-pam...
installing python-ptyprocess...
installing python-pexpect...
installing libraqm...
installing libimagequant...
installing python-pillow...
Optional dependencies for python-pillow
    libwebp: for webp images [installed]
    tk: for the ImageTK module
    python-olefile: OLE2 file support
    python-pyqt6: for the ImageQt module
    python-defusedxml: for reading XMP tags
installing python-pyinotify...
installing python-pytz...
installing python-charset-normalizer...
installing python-idna...
installing python-urllib3...
Optional dependencies for python-urllib3
    python-brotli: Brotli support
    python-brotlicffi: Brotli support
    python-h2: HTTP/2 support
    python-pysocks: SOCKS support
installing python-certifi...
installing python-requests...
Optional dependencies for python-requests
    python-chardet: alternative character encoding library
    python-pysocks: SOCKS proxy support
installing python-webencodings...
installing python-tinycss2...
installing timezonemap...
installing xdg-desktop-portal-xapp...
installing cinnamon...
Optional dependencies for cinnamon
    blueman: Bluetooth support
    gnome-keyring: Secrets service backend
    ibus: input method support
    switcheroo-control: GPU offloading
    system-config-printer: printer settings
    touchegg: touch gestures
    wget: cover download support in audio applet [pending]
installing libhandy...
installing vte-common...
installing vte3...
installing gnome-terminal...
Optional dependencies for gnome-terminal
    libnautilus-extension: Nautilus integration [pending]
installing libnautilus-extension...
installing file-roller...
Optional dependencies for file-roller
    7zip: 7z archive support [pending]
    arj: arj archive support
    binutils: ar archive support [installed]
    bzip3: bzip3 compression support
    cdrtools: ISO image support
    cpio: cpio archive support
    dpkg: deb archive support
    lhasa: LHA/LZA archive support
    lrzip: lrzip compression support
    rpmextract: rpm archive support
    squashfs-tools: squashfs image support [installed]
    unace: ACE archive support
    unrar: better RAR archive support
    unzip: better ZIP archive support [pending]
    zip: better ZIP archive support
installing gnome-desktop-common...
installing gnome-desktop...
installing libpeas...
Optional dependencies for libpeas
    lua51-lgi: Lua loader
installing eog...
Optional dependencies for eog
    eog-plugins: Additional features
installing djvulibre...
installing gsfonts...
installing gspell...
installing libgxps...
installing jbig2dec...
installing libpaper...
installing ijs...
installing libidn...
installing poppler-data...
installing ghostscript...
Optional dependencies for ghostscript
    gtk3: needed for gsx [installed]
installing libspectre...
installing libsynctex...
installing gpgmepp...
installing poppler...
Optional dependencies for poppler
    poppler-data: highly recommended encoding data to display PDF documents with certain encodings and characters [installed]
installing poppler-glib...
installing evince...
Optional dependencies for evince
    texlive-bin: DVI support
installing gtksourceview5...
installing libgee...
installing gnome-calculator...
installing glslang...
installing gsm...
installing libsamplerate...
installing jack2...
Optional dependencies for jack2
    a2jmidid: for ALSA MIDI to JACK MIDI bridging
    libffado: for firewire support using FFADO
    jack-example-tools: for official JACK example-clients and tools
    jack2-dbus: for dbus integration
    jack2-docs: for developer documentation
    realtime-privileges: for realtime privileges
installing libunibreak...
installing libass...
installing libraw1394...
installing libavc1394...
installing libbs2b...
installing libdvdread...
Optional dependencies for libdvdread
    libdvdcss: Decoding encrypted DVDs
installing libdvdnav...
installing libiec61883...
installing libmodplug...
installing portaudio...
installing libopenmpt...
installing shaderc...
installing libdovi...
installing libplacebo...
installing libsoxr...
installing libssh...
installing libtheora...
installing libvdpau...
Optional dependencies for libvdpau
    libvdpau-va-gl: driver using VAAPI
    nvidia-utils: driver for NVIDIA
installing libvpx...
installing ocl-icd...
Optional dependencies for ocl-icd
    opencl-driver: packaged opencl driver
installing libvpl...
Optional dependencies for libvpl
    intel-media-sdk: runtime implementation for legacy Intel GPUs
    vpl-gpu-rt: runtime implementation for Tiger Lake and newer GPUs
installing opencore-amr...
installing rubberband...
installing sdl3...
Optional dependencies for sdl3
    alsa-lib: ALSA audio driver [installed]
    libpulse: PulseAudio audio driver [installed]
    jack: JACK audio driver [installed]
    pipewire: PipeWire audio driver [installed]
    vulkan-driver: vulkan renderer [installed]
    sndio: sndio audio driver [pending]
    libdecor: Wayland client decorations [installed]
installing sdl2-compat...
installing snappy...
installing libmd...
installing libbsd...
installing sndio...
installing speexdsp...
installing speex...
installing srt...
installing v4l-utils...
Optional dependencies for v4l-utils
    qt6-base: for qv4l2 and qvidcap
    qt6-5compat: for qv4l2
    alsa-lib: for qv4l2 [installed]
installing zimg...
installing vapoursynth...
installing vid.stab...
installing l-smash...
installing x264...
installing x265...
installing xvidcore...
installing ffmpeg...
Optional dependencies for ffmpeg
    avisynthplus: AviSynthPlus support
    frei0r-plugins: Frei0r video effects support
    intel-media-sdk: Intel QuickSync support (legacy)
    ladspa: LADSPA filters
    nvidia-utils: Nvidia NVDEC/NVENC support
    onevpl-intel-gpu: Intel QuickSync support
installing libxss...
installing mailcap...
installing firefox...
Optional dependencies for firefox
    firefox-i18n: Localizations
    hunspell-dictionary: Spell checking
    libnotify: Notification integration [installed]
    networkmanager: Location detection via available WiFi networks [installed]
    onnxruntime: Local machine learning features such as smart tab groups
    speech-dispatcher: Text-to-Speech
    xdg-desktop-portal: Screensharing with Wayland [installed]
installing libsigc++...
installing glibmm...
installing atkmm...
installing cairomm...
installing pangomm...
installing gtkmm3...
installing gparted...
Optional dependencies for gparted
    bcachefs-tools: for bcachefs partitions
    btrfs-progs: for btrfs partitions [installed]
    dosfstools: for FAT16 and FAT32 partitions [installed]
    exfatprogs: for exFAT partitions
    f2fs-tools: for Flash-Friendly File System
    gpart: for recovering corrupt partition tables
    jfsutils: for jfs partitions
    mtools: utilities to access MS-DOS disks
    nilfs-utils: for nilfs2 support
    ntfsprogs: for ntfs partitions
    polkit: to run gparted from application menu [installed]
    udftools: for UDF file system support
    xfsprogs: for xfs partitions
    xorg-xhost: authorization from wayland
installing wireless_tools...
installing dialog...
installing ell...
installing iwd...
Optional dependencies for iwd
    qrencode: for displaying QR code after DPP is started
installing rpcbind...
installing nfsidmap...
installing ding-libs...
installing gssproxy...
installing nfs-utils...
Optional dependencies for nfs-utils
    sqlite: for nfsdcltrack and fsidd usage [installed]
    python: for rpcctl, nfsiostat, nfsdclnts and mountstats usage [installed]
installing wget...
Optional dependencies for wget
    ca-certificates: HTTPS downloads [installed]
installing arch-install-scripts...
installing reflector...
Optional dependencies for reflector
    rsync: rate rsync mirrors
installing pacman-contrib...
Optional dependencies for pacman-contrib
    diffutils: for pacdiff [installed]
    fakeroot: for checkupdates
    findutils: for pacdiff --find [installed]
    mlocate: for pacdiff --locate
    plocate: faster mlocate alternative
    perl: for pacsearch [installed]
    sudo: privilege elevation for several scripts [installed]
    vim: default diff program for pacdiff [installed]
    neovim: default diff program for pacdiff if EDITOR=nvim
installing noto-fonts-emoji...
installing noto-fonts-cjk...
installing ttf-jetbrains-mono...
installing yyjson...
installing fastfetch...
Optional dependencies for fastfetch
    chafa: Image output as ascii art
    dbus: Bluetooth, Player & Media detection [installed]
    dconf: Needed for values that are only stored in DConf + Fallback for GSettings [installed]
    ddcutil: Brightness detection of external displays
    glib2: Output for values that are only stored in GSettings [installed]
    hwdata: GPU output [installed]
    imagemagick: Image output using sixel or kitty graphics protocol
    libdrm: Displays detection [installed]
    libelf: st term font detection and fast path of systemd version detection [installed]
    libglvnd: OpenGL module [installed]
    libpulse: Sound detection [installed]
    libva: Primary backend of hardware-accelerated video codec detection [installed]
    libvdpau: Fallback backend of hardware-accelerated video codec detection [installed]
    libxrandr: Multi monitor support [installed]
    lua: Lua scripting in format section of JSON config [installed]
    ocl-icd: OpenCL module [installed]
    quickjs-ng: JavaScript scripting in format section of JSON config
    python: Needed for zsh and fish completions [installed]
    sqlite: Needed for Sqlite integration and Soar packages count [installed]
    vulkan-icd-loader: Vulkan module & fallback for GPU output [installed]
    zlib: Faster image output when using kitty graphics protocol [installed]
installing groff...
Optional dependencies for groff
    netpbm: for use together with man -H command interaction in browsers
    psutils: for use together with man -H command interaction in browsers
    libxaw: for gxditview
    perl-file-homedir: for use with glilypond
installing libpipeline...
installing less...
installing man-db...
Optional dependencies for man-db
    gzip [installed]
installing man-pages...
installing bash-completion...
installing unzip...
installing 7zip...
installing htop...
Optional dependencies for htop
    lm_sensors: show cpu temperatures [installed]
    lsof: show files opened by a process
    strace: attach to a running process
installing btop...
Optional dependencies for btop
    rocm-smi-lib: AMD GPU support
installing pipewire-alsa...
installing libsigc++-3.0...
installing glibmm-2.68...
installing cairomm-1.16...
installing pangomm-2.48...
installing gtkmm-4.0...
installing pavucontrol...
installing usbutils...
Optional dependencies for usbutils
    coreutils: for lsusb.py usage [installed]
    python: for lsusb.py usage [installed]
    sh: for usb-devices [installed]
installing dmidecode...
installing lshw...
Optional dependencies for lshw
    gtk3 [installed]
:: Running post-transaction hooks...
( 1/28) Generating the configured locale...
Generating locales...
  en_US.UTF-8... done
  ru_RU.UTF-8... done
Generation complete.
( 2/28) Configuring dynamic linker run-time bindings...
( 3/28) Creating iconv module configuration cache...
( 4/28) Creating system user accounts...
Creating group 'polkitd' with GID 102.
Creating group 'alpm' with GID 970.
Creating user 'alpm' (Arch Linux Package Management) with UID 970 and GID 970.
Creating group 'avahi' with GID 969.
Creating user 'avahi' (Avahi mDNS/DNS-SD daemon) with UID 969 and GID 969.
Creating group 'colord' with GID 968.
Creating user 'colord' (colord colour management daemon) with UID 968 and GID 968.
Creating group 'git' with GID 967.
Creating user 'git' (git daemon user) with UID 967 and GID 967.
Creating group 'lightdm' with GID 966.
Creating user 'lightdm' (Light Display Manager) with UID 966 and GID 966.
Creating group 'pcscd' with GID 965.
Creating user 'pcscd' (PC/SC Smart Card Daemon) with UID 965 and GID 965.
Creating user 'polkitd' (User for polkitd) with UID 102 and GID 102.
Creating group 'rpc' with GID 32.
Creating user 'rpc' (Rpcbind Daemon) with UID 32 and GID 32.
Creating group 'rpcuser' with GID 34.
Creating user 'rpcuser' (RPC Service User) with UID 34 and GID 34.
( 5/28) Creating temporary files...
( 6/28) Updating journal message catalog...
( 7/28) Updating udev hardware database...
( 8/28) Applying kernel sysctl settings...
  Skipped: Running in chroot.
( 9/28) Reloading system manager configuration...
  Skipped: Running in chroot.
(10/28) Reloading user manager configuration...
  Skipped: Running in chroot.
(11/28) Updating the MIME type database...
(12/28) Reloading device manager configuration...
  Skipped: Running in chroot.
(13/28) Arming ConditionNeedsUpdate...
(14/28) Updating fontconfig configuration...
(15/28) Rebuilding certificate stores...
(16/28) Updating module dependencies...
(17/28) Updating linux initcpios...
==> Building image from preset: /etc/mkinitcpio.d/linux.preset: 'default'
==> Using default configuration file: '/etc/mkinitcpio.conf'
  -> -k /boot/vmlinuz-linux -g /boot/initramfs-linux.img
==> Using drop-in configuration file: 'archiso.conf'
==> Starting build: '7.1.6-arch1-1'
  -> Running build hook: [base]
  -> Running build hook: [udev]
  -> Running build hook: [modconf]
  -> Running build hook: [kms]
==> WARNING: Possibly missing firmware for module: 'ast'
  -> Running build hook: [archiso]
==> WARNING: pv not found; falling back to cp for copy to RAM
  -> Running build hook: [archiso_loop_mnt]
  -> Running build hook: [block]
==> WARNING: Possibly missing firmware for module: 'aic94xx'
==> WARNING: Possibly missing firmware for module: 'qla1280'
==> WARNING: Possibly missing firmware for module: 'qed'
==> WARNING: Possibly missing firmware for module: 'wd719x'
==> WARNING: Possibly missing firmware for module: 'qla2xxx'
==> WARNING: Possibly missing firmware for module: 'bfa'
==> WARNING: Possibly missing firmware for module: 'xhci_pci_renesas'
  -> Running build hook: [filesystems]
  -> Running build hook: [keyboard]
==> Generating module dependencies
==> Creating zstd-compressed initcpio image: '/boot/initramfs-linux.img'
  -> Early uncompressed CPIO image generation successful
==> Initcpio image generation successful
(18/28) Updating the appstream cache...
✔ Metadata cache was updated successfully.
(19/28) Restarting accounts-daemon...
  Skipped: Running in chroot.
(20/28) Reloading system bus configuration...
  Skipped: Running in chroot.
(21/28) Checking for old perl modules...
(22/28) Updating fontconfig cache...
(23/28) Updating GIO module cache...
(24/28) Compiling GSettings XML schema files...
(25/28) Probing GTK3 input method modules...
(26/28) Updating icon theme caches...
(27/28) Reloading GVFS config...
(28/28) Updating the desktop file MIME type cache...
[mkarchiso] INFO: Done! Packages installed successfully.
[mkarchiso] INFO: Creating version files...
[mkarchiso] INFO: Done!
[mkarchiso] INFO: Creating a list of installed packages on live-enviroment...
[mkarchiso] INFO: Done!
[mkarchiso] INFO: Initramfs file does not contain microcode update files. External microcode initramfs images will be copied.
[mkarchiso] INFO: Preparing kernel and initramfs for the ISO 9660 file system...
[mkarchiso] INFO: Done!
[mkarchiso] INFO: Setting up SYSLINUX for BIOS booting...
[mkarchiso] INFO: Done! SYSLINUX set up for BIOS booting successfully.
[mkarchiso] INFO: Setting up GRUB for UEFI booting...
[mkarchiso] INFO: Creating FAT image of size: 22 MiB...
mkfs.fat 4.2 (2021-01-31)
[mkarchiso] INFO: Done! GRUB set up for UEFI booting successfully.
[mkarchiso] INFO: Cleaning up in pacstrap location...
[mkarchiso] INFO: Done!
[mkarchiso] INFO: Creating SquashFS image, this may take some time...
Parallel mksquashfs: Using 4 processors
Creating 4.0 filesystem on /tmp/shobika_work/iso/arch/x86_64/airootfs.sfs, block size 1048576.
[/                                                           ]     0/22045   0%[\                                                         ]   1000/181890   0%[======|                                                   ]  21900/181890  12%[======\                                                   ]  22200/181890  12%[=======-                                                  ]  25400/181890  13%[========-                                                 ]  26000/181890  14%Unrecognised xattr prefix system.posix_acl_default
Unrecognised xattr prefix system.posix_acl_access
Unrecognised xattr prefix system.posix_acl_default

[=========================================================-] 181890/181890 100%

Exportable Squashfs 4.0 filesystem, xz compressed, data block size 1048576
	compressed data, compressed metadata, compressed fragments,
	compressed xattrs, compressed ids
	duplicates are removed
Filesystem size 1759359.81 Kbytes (1718.12 Mbytes)
	37.58% of uncompressed filesystem size (4682059.30 Kbytes)
Inode table size 1973154 bytes (1926.91 Kbytes)
	21.54% of uncompressed inode table size (9161409 bytes)
Directory table size 2561068 bytes (2501.04 Kbytes)
	36.19% of uncompressed directory table size (7076097 bytes)
Xattr table size 110 bytes (0.11 Kbytes)
	68.75% of uncompressed xattr table size (160 bytes)
Number of duplicate files found 18766
Number of inodes 257935
Number of files 180328
Number of fragments 2272
Number of symbolic links 66659
Number of device nodes 0
Number of fifo nodes 0
Number of socket nodes 0
Number of directories 10948
Number of hard-links 2064
Number of ids (unique uids + gids) 14
Number of uids 8
	root (0)
	unknown (966)
	unknown (968)
	tss (971)
	unknown (34)
	unknown (32)
	systemd-imds (977)
	systemd-timesync (972)
Number of gids 14
	root (0)
	unknown (102)
	ftp (11)
	tty (5)
	dbus (81)
	unknown (966)
	games (50)
	unknown (968)
	tss (971)
	unknown (34)
	unknown (32)
	systemd-imds (977)
	systemd-timesync (972)
	systemd-journal (981)
[mkarchiso] INFO: Creating checksum file for self-test...
[mkarchiso] INFO: Done!
[mkarchiso] INFO: Creating ISO image...
xorriso 1.5.8.pl02 : RockRidge filesystem manipulator, libburnia project.

xorriso : NOTE : Environment variable SOURCE_DATE_EPOCH encountered with value 1786116968
Drive current: -outdev 'stdio:/workspace/out/shobikaos-2026.08.07-x86_64.iso'
Media current: stdio file, overwriteable
Media status : is blank
Media summary: 0 sessions, 0 data blocks, 0 data, 77.5g free
Added to ISO image: directory '/'='/tmp/shobika_work/iso'
xorriso : UPDATE :      99 files added in 1 seconds
xorriso : UPDATE :      99 files added in 1 seconds
xorriso : NOTE : Copying to System Area: 432 bytes from file '/tmp/shobika_work/iso/boot/syslinux/isohdpfx.bin'
libisofs: NOTE : Automatically adjusted MBR geometry to 1020/123/32
libisofs: NOTE : Aligned image size to cylinder size by 907 blocks
xorriso : UPDATE :  5.68% done
xorriso : UPDATE :  81.76% done
ISO image produced: 1014960 sectors
Written to medium : 1014960 sectors at LBA 0
Writing to 'stdio:/workspace/out/shobikaos-2026.08.07-x86_64.iso' completed successfully.

[mkarchiso] INFO: Done!
2.0G	/workspace/out/shobikaos-2026.08.07-x86_64.iso
=== Build Complete ===
+ echo '=== Build Complete ==='
+ ls -lh out/
total 2.0G
-rw-r--r-- 1 root root 2.0G Aug  7 15:49 shobikaos-2026.08.07-x86_64.iso
